-- phpMyAdmin SQL Dump
-- version 5.1.0
-- https://www.phpmyadmin.net/
--
-- Host: 127.0.0.1
-- Generation Time: Jul 24, 2021 at 12:13 PM
-- Server version: 10.4.18-MariaDB
-- PHP Version: 8.0.3

SET SQL_MODE = "NO_AUTO_VALUE_ON_ZERO";
START TRANSACTION;
SET time_zone = "+00:00";


/*!40101 SET @OLD_CHARACTER_SET_CLIENT=@@CHARACTER_SET_CLIENT */;
/*!40101 SET @OLD_CHARACTER_SET_RESULTS=@@CHARACTER_SET_RESULTS */;
/*!40101 SET @OLD_COLLATION_CONNECTION=@@COLLATION_CONNECTION */;
/*!40101 SET NAMES utf8mb4 */;

--
-- Database: `payroll`
--

-- --------------------------------------------------------

--
-- Table structure for table `allowances`
--

CREATE TABLE `allowances` (
  `alw_id` int(11) NOT NULL,
  `allowance` int(11) NOT NULL,
  `emp_id` int(11) DEFAULT NULL
) ENGINE=InnoDB DEFAULT CHARSET=latin1;

--
-- Dumping data for table `allowances`
--

INSERT INTO `allowances` (`alw_id`, `allowance`, `emp_id`) VALUES
(1, 10000, 1),
(2, 1500, 2),
(3, 0, 3),
(4, 500, 4),
(5, 1000, 5),
(6, 0, 6),
(7, 0, 7),
(8, 0, NULL),
(9, 1500, 9),
(10, 0, NULL),
(11, 0, 11),
(12, 0, 12),
(13, 0, 13),
(14, 0, 14),
(15, 0, 15),
(16, 0, 16),
(17, 0, 17),
(18, 0, 18),
(19, 0, 19),
(20, 0, 20),
(21, 0, NULL),
(22, 0, NULL),
(23, 0, NULL),
(24, 0, NULL);

-- --------------------------------------------------------

--
-- Table structure for table `announcements`
--

CREATE TABLE `announcements` (
  `announce_id` int(11) NOT NULL,
  `announce_msg` varchar(1500) NOT NULL,
  `dateposted` date NOT NULL,
  `timeposted` time NOT NULL
) ENGINE=InnoDB DEFAULT CHARSET=latin1;

--
-- Dumping data for table `announcements`
--

INSERT INTO `announcements` (`announce_id`, `announce_msg`, `dateposted`, `timeposted`) VALUES
(1, 'Aslamo Alekum,\r\nThis is to notify all the departments and employees to have EID-UL-AZHA holidays w.e.f 21-07-2021.\r\nBest Wishes,\r\nCEO Carbon Company\r\nDated: 20-07-2021.', '2021-07-20', '07:42:02'),
(2, 'Aslamo Alekum, \r\nAll the employees will get 25% bonus in their salaries for the month July, 2021. So, all the employees must work properly and happily. We will be contributing in your joys.\r\nBest Wishes,\r\nCEO Carbon Company.', '2021-07-20', '07:55:53'),
(3, 'Aslamo Alekum,\r\nAll the employees can withdraw their salaries today in advance. We will always be contributing in your joys.\r\nGood Luck,\r\nCEO Carbon Company\r\n', '2021-07-20', '08:10:34');

-- --------------------------------------------------------

--
-- Table structure for table `attendance`
--

CREATE TABLE `attendance` (
  `attend_id` int(11) NOT NULL,
  `attend_date` date NOT NULL,
  `attend_time` time NOT NULL,
  `emp_id` int(11) DEFAULT NULL
) ENGINE=InnoDB DEFAULT CHARSET=latin1;

--
-- Dumping data for table `attendance`
--

INSERT INTO `attendance` (`attend_id`, `attend_date`, `attend_time`, `emp_id`) VALUES
(1, '2021-07-01', '01:13:15', 1),
(2, '2021-07-01', '01:14:01', 2),
(3, '2021-07-01', '01:14:01', 3),
(4, '2021-07-01', '01:13:15', 4),
(5, '2021-07-01', '01:14:01', 5),
(6, '2021-07-01', '01:14:01', 6),
(7, '2021-07-01', '01:13:15', 7),
(8, '2021-07-01', '01:14:01', 9),
(9, '2021-07-01', '01:14:01', 11),
(10, '2021-07-01', '01:13:15', 12),
(13, '2021-07-01', '01:13:15', 13),
(14, '2021-07-01', '01:14:01', 14),
(15, '2021-07-01', '01:14:01', 15),
(16, '2021-07-01', '01:13:15', 16),
(17, '2021-07-01', '01:14:01', 17),
(18, '2021-07-01', '01:14:01', 18),
(19, '2021-07-02', '01:13:15', 1),
(20, '2021-07-02', '01:14:01', 2),
(21, '2021-07-02', '01:14:01', 3),
(22, '2021-07-02', '01:13:15', 4),
(23, '2021-07-02', '01:14:01', 5),
(24, '2021-07-02', '01:14:01', 6),
(25, '2021-07-02', '01:13:15', 7),
(26, '2021-07-02', '01:14:01', 9),
(27, '2021-07-02', '01:14:01', 11),
(28, '2021-07-02', '01:13:15', 12),
(29, '2021-07-02', '01:14:01', 13),
(32, '2021-07-02', '01:14:01', 14),
(33, '2021-07-02', '01:14:01', 15),
(34, '2021-07-02', '01:13:15', 16),
(35, '2021-07-02', '01:14:01', 17),
(36, '2021-07-02', '01:14:01', 18),
(37, '2021-07-03', '01:13:15', 1),
(38, '2021-07-03', '01:14:01', 15),
(39, '2021-07-03', '01:14:01', 3),
(40, '2021-07-03', '01:13:15', 4),
(41, '2021-07-03', '01:14:01', 18),
(42, '2021-07-03', '01:14:01', 6),
(43, '2021-07-03', '01:13:15', 7),
(44, '2021-07-03', '01:14:01', 9),
(45, '2021-07-03', '01:14:01', 11),
(46, '2021-07-03', '01:13:15', 17),
(47, '2021-07-03', '01:14:01', 13),
(49, '2021-07-05', '01:13:15', 1),
(50, '2021-07-05', '01:14:01', 3),
(51, '2021-07-05', '01:13:15', 4),
(52, '2021-07-05', '01:14:01', 6),
(53, '2021-07-05', '01:13:15', 7),
(54, '2021-07-05', '01:14:01', 9),
(55, '2021-07-05', '01:14:01', 11),
(56, '2021-07-05', '01:14:01', 13),
(59, '2021-07-05', '01:14:01', 14),
(60, '2021-07-05', '01:14:01', 15),
(61, '2021-07-06', '01:13:15', 1),
(62, '2021-07-06', '01:14:01', 2),
(63, '2021-07-06', '01:14:01', 3),
(64, '2021-07-06', '01:13:15', 4),
(65, '2021-07-06', '01:14:01', 5),
(66, '2021-07-06', '01:14:01', 6),
(67, '2021-07-06', '01:13:15', 7),
(68, '2021-07-06', '01:14:01', 9),
(69, '2021-07-06', '01:14:01', 11),
(70, '2021-07-06', '01:13:15', 12),
(71, '2021-07-06', '01:13:15', 13),
(72, '2021-07-06', '01:14:01', 14),
(73, '2021-07-06', '01:14:01', 15),
(74, '2021-07-06', '01:13:15', 16),
(75, '2021-07-06', '01:14:01', 17),
(76, '2021-07-06', '01:14:01', 18),
(77, '2021-07-07', '01:13:15', 1),
(78, '2021-07-07', '01:14:01', 2),
(79, '2021-07-07', '01:14:01', 3),
(80, '2021-07-07', '01:13:15', 4),
(81, '2021-07-07', '01:14:01', 5),
(82, '2021-07-07', '01:14:01', 6),
(83, '2021-07-07', '01:13:15', 7),
(84, '2021-07-07', '01:14:01', 9),
(85, '2021-07-07', '01:14:01', 11),
(86, '2021-07-07', '01:13:15', 12),
(87, '2021-07-07', '01:13:15', 13),
(88, '2021-07-07', '01:14:01', 14),
(89, '2021-07-07', '01:14:01', 15),
(90, '2021-07-07', '01:13:15', 16),
(91, '2021-07-07', '01:14:01', 17),
(92, '2021-07-07', '01:14:01', 18),
(93, '2021-07-08', '01:13:15', 1),
(94, '2021-07-08', '01:14:01', 2),
(95, '2021-07-08', '01:14:01', 3),
(96, '2021-07-08', '01:13:15', 4),
(97, '2021-07-08', '01:14:01', 5),
(98, '2021-07-08', '01:14:01', 6),
(99, '2021-07-08', '01:13:15', 7),
(100, '2021-07-08', '01:14:01', 9),
(101, '2021-07-08', '01:14:01', 11),
(102, '2021-07-08', '01:13:15', 12),
(103, '2021-07-08', '01:13:15', 13),
(104, '2021-07-08', '01:14:01', 14),
(105, '2021-07-08', '01:14:01', 15),
(106, '2021-07-08', '01:13:15', 16),
(107, '2021-07-08', '01:14:01', 17),
(108, '2021-07-08', '01:14:01', 18),
(109, '2021-07-09', '01:13:15', 1),
(110, '2021-07-09', '01:14:01', 2),
(111, '2021-07-09', '01:14:01', 3),
(112, '2021-07-09', '01:13:15', 4),
(113, '2021-07-09', '01:14:01', 5),
(114, '2021-07-09', '01:14:01', 6),
(115, '2021-07-09', '01:13:15', 7),
(116, '2021-07-09', '01:14:01', 9),
(117, '2021-07-09', '01:14:01', 11),
(118, '2021-07-09', '01:13:15', 12),
(119, '2021-07-09', '01:14:01', 13),
(121, '2021-07-09', '01:14:01', 14),
(122, '2021-07-09', '01:14:01', 15),
(123, '2021-07-09', '01:13:15', 16),
(124, '2021-07-09', '01:14:01', 17),
(125, '2021-07-09', '01:14:01', 18),
(126, '2021-07-10', '01:13:15', 1),
(127, '2021-07-10', '01:14:01', 15),
(128, '2021-07-10', '01:14:01', 3),
(129, '2021-07-10', '01:13:15', 4),
(130, '2021-07-10', '01:14:01', 18),
(131, '2021-07-10', '01:14:01', 6),
(132, '2021-07-10', '01:13:15', 7),
(133, '2021-07-10', '01:14:01', 9),
(134, '2021-07-10', '01:14:01', 11),
(135, '2021-07-10', '01:13:15', 17),
(136, '2021-07-10', '01:14:01', 13),
(137, '2021-07-12', '01:13:15', 1),
(138, '2021-07-12', '01:14:01', 2),
(139, '2021-07-12', '01:14:01', 3),
(140, '2021-07-12', '01:13:15', 4),
(141, '2021-07-12', '01:14:01', 5),
(142, '2021-07-12', '01:14:01', 6),
(143, '2021-07-12', '01:14:01', 9),
(144, '2021-07-12', '01:14:01', 11),
(145, '2021-07-12', '01:13:15', 12),
(146, '2021-07-12', '01:13:15', 13),
(147, '2021-07-12', '01:14:01', 14),
(148, '2021-07-12', '01:14:01', 15),
(149, '2021-07-12', '01:13:15', 16),
(150, '2021-07-12', '01:14:01', 17),
(151, '2021-07-12', '01:14:01', 18),
(152, '2021-07-13', '01:14:01', 2),
(153, '2021-07-13', '01:14:01', 3),
(154, '2021-07-13', '01:13:15', 4),
(155, '2021-07-13', '01:14:01', 5),
(156, '2021-07-13', '01:14:01', 6),
(157, '2021-07-13', '01:14:01', 9),
(158, '2021-07-13', '01:14:01', 11),
(159, '2021-07-13', '01:13:15', 12),
(160, '2021-07-13', '01:13:15', 13),
(161, '2021-07-13', '01:14:01', 14),
(162, '2021-07-13', '01:14:01', 15),
(163, '2021-07-13', '01:13:15', 16),
(164, '2021-07-13', '01:14:01', 17),
(165, '2021-07-13', '01:14:01', 18),
(166, '2021-07-14', '01:14:01', 2),
(167, '2021-07-14', '01:14:01', 3),
(168, '2021-07-14', '01:14:15', 4),
(169, '2021-07-14', '01:14:01', 5),
(170, '2021-07-14', '01:14:01', 6),
(171, '2021-07-14', '01:14:01', 9),
(172, '2021-07-14', '01:14:01', 11),
(173, '2021-07-14', '01:14:15', 12),
(174, '2021-07-14', '01:14:15', 13),
(175, '2021-07-14', '01:14:01', 14),
(176, '2021-07-14', '01:14:01', 15),
(177, '2021-07-14', '01:14:15', 16),
(178, '2021-07-14', '01:14:01', 17),
(179, '2021-07-14', '01:14:01', 18),
(180, '2021-07-15', '01:15:01', 1),
(181, '2021-07-15', '01:15:01', 2),
(182, '2021-07-15', '01:15:01', 3),
(183, '2021-07-15', '01:15:15', 4),
(184, '2021-07-15', '01:15:01', 5),
(185, '2021-07-15', '01:15:01', 6),
(186, '2021-07-15', '01:15:01', 9),
(187, '2021-07-15', '01:15:01', 11),
(188, '2021-07-15', '01:15:15', 12),
(189, '2021-07-15', '01:15:15', 13),
(190, '2021-07-15', '01:15:01', 14),
(191, '2021-07-15', '01:15:01', 15),
(192, '2021-07-15', '01:15:15', 16),
(193, '2021-07-15', '01:15:01', 17),
(194, '2021-07-15', '01:15:01', 18),
(195, '2021-07-16', '01:16:01', 1),
(196, '2021-07-16', '01:16:01', 2),
(197, '2021-07-16', '01:16:01', 3),
(198, '2021-07-16', '01:16:16', 4),
(199, '2021-07-16', '01:16:01', 5),
(200, '2021-07-16', '01:16:01', 6),
(201, '2021-07-16', '01:16:01', 9),
(202, '2021-07-16', '01:16:01', 11),
(203, '2021-07-16', '01:16:16', 12),
(204, '2021-07-16', '01:16:16', 13),
(205, '2021-07-16', '01:16:01', 16),
(206, '2021-07-16', '01:16:01', 16),
(207, '2021-07-16', '01:16:16', 16),
(208, '2021-07-16', '01:16:01', 17),
(209, '2021-07-16', '01:16:01', 18),
(210, '2021-07-17', '01:13:15', 1),
(211, '2021-07-17', '01:14:01', 2),
(212, '2021-07-17', '01:14:01', 3),
(213, '2021-07-17', '01:13:15', 4),
(214, '2021-07-17', '01:14:01', 5),
(215, '2021-07-17', '01:14:01', 6),
(216, '2021-07-17', '01:13:15', 7),
(217, '2021-07-17', '01:14:01', 9),
(218, '2021-07-17', '01:14:01', 11),
(219, '2021-07-17', '01:13:15', 12),
(220, '2021-07-17', '01:13:15', 13),
(221, '2021-07-17', '01:14:01', 14),
(222, '2021-07-17', '01:14:01', 15),
(223, '2021-07-17', '01:13:15', 16),
(224, '2021-07-17', '01:14:01', 17),
(225, '2021-07-17', '01:14:01', 18),
(226, '2021-07-19', '01:13:15', 1),
(227, '2021-07-19', '01:14:01', 2),
(228, '2021-07-19', '01:14:01', 3),
(229, '2021-07-19', '01:13:15', 4),
(230, '2021-07-19', '01:14:01', 5),
(231, '2021-07-19', '01:14:01', 6),
(232, '2021-07-19', '01:13:15', 7),
(233, '2021-07-19', '01:14:01', 9),
(234, '2021-07-19', '01:14:01', 11),
(235, '2021-07-19', '01:13:15', 12),
(236, '2021-07-19', '01:13:15', 13),
(237, '2021-07-19', '01:14:01', 14),
(238, '2021-07-19', '01:14:01', 15),
(239, '2021-07-19', '01:13:15', 16),
(240, '2021-07-19', '01:14:01', 17),
(241, '2021-07-19', '01:14:01', 18),
(258, '2021-07-20', '01:13:15', 1),
(259, '2021-07-20', '01:14:01', 2),
(260, '2021-07-20', '01:14:01', 3),
(261, '2021-07-20', '01:13:15', 4),
(262, '2021-07-20', '01:14:01', 5),
(263, '2021-07-20', '01:14:01', 6),
(264, '2021-07-20', '01:13:15', 7),
(265, '2021-07-20', '01:14:01', 9),
(266, '2021-07-20', '01:14:01', 11),
(267, '2021-07-20', '01:13:15', 12),
(268, '2021-07-20', '01:13:15', 13),
(269, '2021-07-20', '01:14:01', 14),
(270, '2021-07-20', '01:14:01', 15),
(271, '2021-07-20', '01:13:15', 16),
(272, '2021-07-20', '01:14:01', 17),
(273, '2021-07-20', '01:14:01', 18),
(274, '2021-07-22', '05:13:09', 5),
(275, '2021-07-22', '05:13:47', 1),
(276, '2021-07-22', '05:16:33', 2),
(277, '2021-07-22', '05:17:14', 3),
(278, '2021-07-22', '05:17:53', 4),
(279, '2021-07-22', '05:18:17', 6),
(280, '2021-07-22', '05:21:03', 7),
(281, '2021-07-22', '05:28:40', 9),
(282, '2021-07-22', '05:29:16', 18),
(283, '2021-07-22', '08:24:11', 17),
(284, '2021-07-23', '08:13:38', 1),
(285, '2021-07-23', '08:46:49', 2),
(286, '2021-07-23', '09:42:23', 4),
(287, '2021-07-23', '10:02:39', 17),
(288, '2021-07-23', '10:07:17', 18),
(289, '2021-07-23', '10:09:28', 12),
(290, '2021-07-23', '10:10:47', 7),
(291, '2021-07-23', '10:11:53', 15),
(292, '2021-07-23', '10:13:35', 11),
(293, '2021-07-23', '10:14:39', 6),
(294, '2021-07-23', '10:21:56', 19),
(295, '2021-07-23', '10:26:16', 20),
(296, '2021-07-24', '08:57:10', 2),
(297, '2021-07-24', '09:00:18', 5),
(298, '2021-07-24', '09:01:32', 20),
(299, '2021-07-24', '09:09:05', 14),
(300, '2021-07-24', '09:09:41', 7),
(301, '2021-07-24', '09:10:22', 9),
(302, '2021-07-24', '09:11:58', 11),
(303, '2021-07-24', '09:32:11', 12),
(304, '2021-07-24', '01:47:01', 15),
(305, '2021-07-24', '01:48:20', 18),
(306, '2021-07-24', '01:53:24', 3),
(307, '2021-07-24', '02:55:06', 17),
(308, '2021-07-24', '04:10:07', 19);

-- --------------------------------------------------------

--
-- Table structure for table `deductions`
--

CREATE TABLE `deductions` (
  `ded_id` int(11) NOT NULL,
  `deduction` int(11) NOT NULL,
  `emp_id` int(11) DEFAULT NULL
) ENGINE=InnoDB DEFAULT CHARSET=latin1;

--
-- Dumping data for table `deductions`
--

INSERT INTO `deductions` (`ded_id`, `deduction`, `emp_id`) VALUES
(1, 2000, 1),
(2, 0, 2),
(3, 1500, 3),
(4, 500, 4),
(5, 0, 5),
(6, 1000, 6),
(7, 800, 7),
(8, 0, NULL),
(9, 0, 9),
(10, 0, NULL),
(11, 0, 11),
(12, 0, 12),
(13, 0, 13),
(14, 0, 14),
(15, 0, 15),
(16, 0, 16),
(17, 0, 17),
(18, 0, 18),
(19, 0, 19),
(20, 0, 20),
(21, 0, NULL),
(22, 0, NULL),
(23, 0, NULL),
(24, 0, NULL);

-- --------------------------------------------------------

--
-- Table structure for table `departments`
--

CREATE TABLE `departments` (
  `dept_id` int(11) NOT NULL,
  `dept_name` varchar(100) NOT NULL,
  `hod` varchar(100) NOT NULL
) ENGINE=InnoDB DEFAULT CHARSET=latin1;

--
-- Dumping data for table `departments`
--

INSERT INTO `departments` (`dept_id`, `dept_name`, `hod`) VALUES
(1, 'Admin Department', 'Muhammad Ameer'),
(2, 'Production Department', 'Zeeshan Sadiq'),
(3, 'Sales Department', 'Amjad Khan');

-- --------------------------------------------------------

--
-- Table structure for table `employees`
--

CREATE TABLE `employees` (
  `emp_id` int(11) NOT NULL,
  `name` varchar(100) NOT NULL,
  `gender` varchar(20) NOT NULL,
  `doj` varchar(50) NOT NULL,
  `dob` varchar(50) NOT NULL,
  `email` varchar(100) NOT NULL,
  `phone` bigint(20) NOT NULL,
  `city` varchar(100) NOT NULL,
  `address` varchar(200) NOT NULL,
  `pos_id` int(11) DEFAULT NULL
) ENGINE=InnoDB DEFAULT CHARSET=latin1;

--
-- Dumping data for table `employees`
--

INSERT INTO `employees` (`emp_id`, `name`, `gender`, `doj`, `dob`, `email`, `phone`, `city`, `address`, `pos_id`) VALUES
(1, 'Ahmad Hassan', 'Male', '2020-09-05', '2000-05-06', 'ahmad@hotmail.com', 3001234567, 'Lahore', 'Lahore', 1),
(2, 'Ali Khan', 'Male', '2020-09-05', '2000-10-09', 'ali@gmail.com', 3267876565, 'Multan', 'Multan', 1),
(3, 'Arbaz Ali', 'Male', '2020-09-05', '2001-11-10', 'arbaz@gmail.com', 316898878, 'Rajanpur', 'Rajanpur', 2),
(4, 'Muhammad Aamir', 'Male', '2020-09-05', '1996-12-12', 'amir@gmail.com', 3334567878, 'Islamabad', 'Islamabad', 3),
(5, 'Aqil Fareed', 'Male', '2020-09-05', '2002-02-05', 'aqil@gmail.com', 3357876767, 'Kohat', 'Kohat', 4),
(6, 'Waheed Murad', 'Male', '2020-09-05', '2003-01-01', 'waheed@gmail.com', 3451234567, 'Karachi', 'Karachi', 5),
(7, 'Arif Habib', 'Male', '2021-09-22', '2000-09-22', 'arif@gmail.com', 3176478789, 'Quetta', 'Quetta', 8),
(9, 'Asif Kamal', 'Male', '2021-09-22', '2000-09-22', 'asif@gmail.com', 3176478788, 'Rajanpur', 'Rajanpur', 5),
(11, 'Akmal Khan', 'Male', '2020-12-12', '2000-11-11', 'akmal@gmail.com', 3125678880, 'Bahawalpur', 'Bahawalpur', 7),
(12, 'Sajid Abbas', 'Male', '2020-12-12', '2000-11-11', 'sajid@gmail.com', 3125678882, 'Bahawalpur', 'Bahawalpur', 9),
(13, 'Shoaib Abbas', 'Male', '2020-12-12', '2000-11-11', 'shoaib@gmail.com', 3125678883, 'Jehlum', 'Jehlum', 2),
(14, 'Ahmad Mehmood', 'Male', '2020-11-11', '2000-11-11', 'mehmood@gmail.com', 3125678884, 'Attock', 'Attock', 7),
(15, 'Ghazanfar Abbas', 'Male', '2020-11-11', '2000-11-11', 'ghazanfar@gmail.com', 3125678885, 'KALAM', 'KALAM', 10),
(16, 'Muhammad Shuraim', 'Male', '2020-11-11', '2000-11-11', 'shuraim@gmail.com', 3125678886, 'Malam Jabba', 'Malam Jabba', 3),
(17, 'Ubaid Alam', 'Male', '2020-11-11', '2000-11-11', 'ubaid@gmail.com', 3125678887, 'Rahim Yar Khan', 'Rahim Yar Khan', 2),
(18, 'Umair Asghar', 'Male', '2020-11-11', '2000-11-11', 'umair@gmail.com', 3125678888, 'Rahim Yar Khan', 'Rahim Yar Khan', 6),
(19, 'Waseem Abbas', 'Male', '2020-11-12', '2000-11-11', 'waseem@gmail.com', 3451235678, 'Rajanpur', 'Rajanpur', 9),
(20, 'Naveed Akhtar', 'Male', '2020-11-12', '2000-11-11', 'naveed@gmail.com', 3451235679, 'Rajanpur', 'Rajanpur', 6);

-- --------------------------------------------------------

--
-- Table structure for table `positions`
--

CREATE TABLE `positions` (
  `pos_id` int(11) NOT NULL,
  `pos_name` varchar(200) NOT NULL,
  `dept_id` int(11) DEFAULT NULL
) ENGINE=InnoDB DEFAULT CHARSET=latin1;

--
-- Dumping data for table `positions`
--

INSERT INTO `positions` (`pos_id`, `pos_name`, `dept_id`) VALUES
(1, 'Finance', 1),
(2, 'Assistant', 1),
(3, 'Human Resources', 1),
(4, 'Software Engineer', 2),
(5, 'Software Designer', 2),
(6, 'Software Tester', 2),
(7, 'Quality Assurance', 2),
(8, 'Sales Person', 3),
(9, 'Sales Associate', 3),
(10, 'Sales Specialist', 3);

-- --------------------------------------------------------

--
-- Table structure for table `salaries`
--

CREATE TABLE `salaries` (
  `sal_id` int(11) NOT NULL,
  `amount` int(11) NOT NULL,
  `pos_id` int(11) DEFAULT NULL
) ENGINE=InnoDB DEFAULT CHARSET=latin1;

--
-- Dumping data for table `salaries`
--

INSERT INTO `salaries` (`sal_id`, `amount`, `pos_id`) VALUES
(1, 50000, 1),
(2, 50000, 2),
(3, 60000, 3),
(4, 70000, 4),
(5, 70000, 5),
(6, 70000, 6),
(7, 70000, 7),
(8, 40000, 8),
(9, 50000, 9),
(10, 60000, 10);

-- --------------------------------------------------------

--
-- Table structure for table `support`
--

CREATE TABLE `support` (
  `spt_id` int(11) NOT NULL,
  `spt_name` varchar(100) NOT NULL,
  `spt_email` varchar(100) NOT NULL,
  `spt_subject` varchar(500) NOT NULL,
  `spt_description` varchar(2000) NOT NULL,
  `spt_date` date NOT NULL,
  `spt_time` time NOT NULL
) ENGINE=InnoDB DEFAULT CHARSET=latin1;

--
-- Dumping data for table `support`
--

INSERT INTO `support` (`spt_id`, `spt_name`, `spt_email`, `spt_subject`, `spt_description`, `spt_date`, `spt_time`) VALUES
(1, 'Ahmad Ali', 'ahmadali@gmail.com', 'Employee Entry In The System', 'With due respect,\r\nit is stated that I have been selected as Sales Person in your company a month ago. Still, I have not been issued with the employee id or user login credentials. Please, provide me the said as early. Good Luck! ', '2021-07-21', '13:12:18'),
(2, 'Aziz Durrani', 'aziz@gmail.com', 'Forget Login Password', 'With due respect,\r\nIt is stated that I have forgot my login credntials. I cannot change my password or reset it. Kind advice is required immediately, please.\r\nBest Wishes,\r\nUser ID: 101\r\nEmp. ID: 150', '2021-07-21', '14:36:20'),
(3, 'Aamir Sohail', 'amir@gmail.com', 'Position Change', 'Dear Sir,\r\nI have applied for position change from Software designer post to Software Engineer post. Now, I have received nomination letter as to have the new post as Software Engineer. So, kindly provide me the new login credentials for my new employee account or update the old one with the new data.\r\nThanks.', '2021-07-21', '15:29:02');

-- --------------------------------------------------------

--
-- Table structure for table `users`
--

CREATE TABLE `users` (
  `user_id` int(11) NOT NULL,
  `username` varchar(100) NOT NULL,
  `password` varchar(100) NOT NULL,
  `nickname` varchar(50) NOT NULL,
  `type` varchar(50) NOT NULL,
  `picture` blob NOT NULL,
  `emp_id` int(11) DEFAULT NULL,
  `dept_id` int(11) DEFAULT NULL
) ENGINE=InnoDB DEFAULT CHARSET=latin1;

--
-- Dumping data for table `users`
--

INSERT INTO `users` (`user_id`, `username`, `password`, `nickname`, `type`, `picture`, `emp_id`, `dept_id`) VALUES
(0, 'NADEEM', 'abc123', 'nadeem', 'admin', 0xffd8ffe000104a46494600010201011401140000ffe114a445786966000049492a00080000000b000f01020003000000485000001001020011000000920000001201030001000000010000001a01050001000000a30000001b01050001000000ab000000280103000100000002000000310102001c000000b30000003201020014000000cf0000001302030001000000020000001402050006000000e3000000698704000100000014010000c00300004850205363616e6a657420473330313000b8092a0010270000b8092a001027000041646f62652050686f746f73686f70204353332057696e646f777300323031393a30393a31322031373a30313a3133000000000001000000ff000000010000008000000001000000ff000000010000008000000001000000ff00000001000000000a0000900700040000003032323003900200140000009201000001910700040000000102030000a00700040000003031303001a00300010000000100000002a00400010000009d01000003a00400010000002702000009a4030001000000010000000aa4030001000000010000000ba4070018020000a601000000000000323031393a30393a31322031373a30303a3330000100130020202030413020202037413020202038413048505349303030320000202031314130202020304130202020304130202020202020203000002020323141302020203041302020203041302020202020202030000020203331413020202030413020202030413020202020202020300000202033324130202020304130202020304130202020202020203000002020343141302020203041302020203041302020202020202030000020203432413020202030413020202030413020202020202020300000202034334130202020304130202020304130202020202020203000002020343441302020203041302020203041302020202020202030000020203531413020202030413020202030413020202020202020300000202036314130202020314130202020314130202020202020203000002020363241302020203041302020203041302020202020202030000020203633413020202030413020202030413020202020202020300000202036344130202020304130202020304130202020202020203000002020373141302020203141302020203141302020202020202030000020203831413020202034413020202031413020202020202020300000202038324130202020344130202020314130202020202020203000002020383341302020203441302020203141302020202020202030000020203834413020202034413020202031413020202020202020300000000006000301030001000000060000001a010500010000000e0400001b010500010000001604000028010300010000000200000001020400010000001e04000002020400010000007e1000000000000048000000010000004800000001000000ffd8ffe000104a46494600010200004800480000ffed000c41646f62655f434d0001ffee000e41646f626500648000000001ffdb0084000c08080809080c09090c110b0a0b11150f0c0c0f1518131315131318110c0c0c0c0c0c110c0c0c0c0c0c0c0c0c0c0c0c0c0c0c0c0c0c0c0c0c0c0c0c0c0c0c0c010d0b0b0d0e0d100e0e10140e0e0e14140e0e0e0e14110c0c0c0c0c11110c0c0c0c0c0c110c0c0c0c0c0c0c0c0c0c0c0c0c0c0c0c0c0c0c0c0c0c0c0c0c0c0c0cffc000110800a0007803012200021101031101ffdd00040008ffc4013f0000010501010101010100000000000000030001020405060708090a0b0100010501010101010100000000000000010002030405060708090a0b1000010401030204020507060805030c33010002110304211231054151611322718132061491a1b14223241552c16233347282d14307259253f0e1f163733516a2b283264493546445c2a3743617d255e265f2b384c3d375e3f3462794a485b495c4d4e4f4a5b5c5d5e5f55666768696a6b6c6d6e6f637475767778797a7b7c7d7e7f711000202010204040304050607070605350100021103213112044151617122130532819114a1b14223c152d1f0332462e1728292435315637334f1250616a2b283072635c2d2449354a317644555367465e2f2b384c3d375e3f34694a485b495c4d4e4f4a5b5c5d5e5f55666768696a6b6c6d6e6f62737475767778797a7b7c7ffda000c03010002110311003f00cafef4e98a4baa797576493764fdd252bc1294dd8206466d58fa38ee7f668ff5f6a6ca71803291a03a95d184a72e1883227a06c4a5e2b33f6b5847b6a00789252a7abb808b9bbbc1cdd09ffbea83efb82c0e2dfad1a6c7dc398a27836e971b7512f154c753a0f2d781e3a11f9559aeeaed69756e0e0343e20ff294b0cb8e66a32122c33c3921ace063e259a5e29bba5e2a4635d2ec52ee92485c7212487212494fffd0c929d23dd25d53cbac96b297641cb796635af6e84374f99e1091a04f617f62e8c78a423dc81f6b4f37a891eca5db40fa4ef1f87f255375ed1abc4b889d752ab97820c732916389f77b9df9442c5cb9a592564fd3f462eee1c10c51a88f33fa5248e718db0209927e4a7e8ee0768e3599e5a5403c0009d4ce93e098dc481b74d65444c7a966a3d12ba18c008f73899723e15cda9c6d7700438797fe62a8b9ee70324ebc7914fea16d6f03f384231c9c32128e9c3a85b3c62513196d2145e9343047c8fc53f8aa9d3b27d7c66c9fd25636b87c3e89ff00355b5b90989c6321b485bcf6481848c0ef134bf74bb14924f5ab84930e52490fffd1ca3c94923dd2eebaa7975bb2a9d50feaed68fce703fe682ae76516d03232f1a92ddfbdce868d64c70a0e6a5c38321ed16cf251e2e67147bc9c2af16ec8b1aca9a4bcf0073fd6feaae8ba37d4bea1d49f2628a4400f734fb8ff0021bfc9fdf5d9746e994e231c5ac6b6db8cd8e804c7e6b1cefe437f356fe3343001dc2e6c7332913c3a0eef527968c07abd47b7478d3fe2c31434837bdce8fa5a013e3b61170ffc5b74eac176439d6bf7713a6d95dcfd209b6731c24413fa47ed40981fa111f47927fd46e87b0feac01f89fbd66752fa9d84fa4b686ec2d060f898d177191a059d743a477eea194a513a13a78b62152044a228f83e4f84d7e3663b1dcdd84cb5c0f8b756ad2f157feb1f49662e6d198cd45ef734f8821a5d05505d1fc3327b9cbdf6910f2df16c431734623ac44bf1944293a64eaf39ea1ca490e7e092487fffd2ca3c9f8a491e4a4baa79757646c026bea585711ed6dc185ddbded757cff69a83d9747f56ebab37a6676159cb46fd758041731ecfddb2ab6bdcaa7c427c3cae4f4f1023865ad7089fa78ffc16f7c2e025ce62f570189e38e9c5c5287ab83fc28ba794fea15d4caba7303afb4eb6bf56d6d1f9e47e72a428fad38c1e68ea955d71d6c6b9a601fdddf607b5aba0e9c05d4b5e0eaf68703f112a8e7fd54a736a7d3730dc1f6faa2f0e1eab416ec7d0d75bb9ada1ff00b8c5cce1246800abd4f0f197abca6249b3a8e9c5c0c3a1f5cebce22bea747b408f55a43a4f8fb3f356fbf3832bf51c08113c2a94f4baa86970a9b538c0654c276303406b7fb7ed47cb1bf18560ea138998bd7a68b3871931a1e122f21d6bac7d60cbc97578b68c3c26fd2c8716b7ef73bff3da863f481980df8fd5b25d981bedbbdbb09fcd8f4f737d3fe46e5d2e6749c5cec1752fa9b1686ee125ae696fd0753637f9b52aba4d62caee7b1ac7d14b71ea0cd22a67d0adc7f3ff00b49194b8451d7cbf6aef4711d287f7bfee5e5feb05597934f4ea9ccdd94e73dd6b59f477359b5ef13f459b9eb008209044106082bd0322aa9d964bc03b6a708f29697ff67dabcfde65ce74cc92771ef3dd6bfc172930c98e870c0895f5e2c97ff78e17c7b1444f165b3c59018d7e88863e1aff00d28b25e297827f15aee2287212487292487fffd3ca3dd248f74bbaea9e5d4b57eade68c5ea5b1c61b94c3413e05df40ff9fed5949c1735c1cd305b0411c820f2a3cd8865c73c67698e165c194e1cb0cb1de1212fec7d23a712c7398e00166840e3e52b5eb2080b90fab9d4f273fd57dee06d610df680d1b63db207f283d7515dad63373bb761a95cb1c72c19658a75c513ad6deaf53d61c91cf8e19b1df0e41a77d3d29326768881a9d4e800fce2a365551c7d083a4cff00b552cfb1b9b43a8b18c6d4fd26d2209fe4b0fd3ff3553c9e978d7e33f09c5acc20d68aa96102b04785407b7f7b6ff3689376742be103435228f675319aef4a1dcb491f24f6d81a0aa18d6b716865540f56b600d0e6bb77c9ce25deefeb22db66f1a7c54529d4697fb77224ed6e4f5bbfd2c4c9c96932c61a9b1e367b27fb3b97103c16afd61cab9d9f6e37a8ef4185a7d39f6eeda0ee8fed2ca5d07c2b97f6b971234659ab27f8128fa22f35f18e6bdee6380691c178b5fde8cbd72527f1492f15a2e6afdc2497749243ffd4ca3c94bba479292ea9e5d4924924a74ba07516e0670758629b46c79ec0cfb1ebbeaaeadfb75041d745e5e6034b9c600d49f001763d2cdc70e9be8748731aef4cf04101dedfdc72c1f8de284678f28f9b25c643bf07cb27a2f80e4964c79711f97111281ff69f345d9fd91d35b73adab19bbdfab8ea664ce9bb76d49dd3f109d30435dfbc4e9fe6ca7c7ea149025db1df9cd3a108efcec782d047c656746628eb4eb716406ae5f6c9a75f4ee9f4647da863b5b781b43e38feab7e8ee43cbcda716a7db61dac60ff0056a965f52c7a9846ef52c3a36b6eae25735f589d7b3a55d977c6f9ae19321ad2f6b5dfdadaefa4991119e484646a32908c88f9b8647d499998c59260714a3094a225b4a518fa62e2645efc8becbdff004ad71711e13f9bfd9434bc13aec22000231d220003c83c3ca46523291b948927cca92f1492f14e42fdd24bba4921ffd5ca3c9493bb93f14cbaa79752406be439507dac6b4990ef20557b327473592ffde713a0fb934c805d184a4932ed69c4b2260fb43bb13e4bbcfaa6e65fd130fbc52d69fec8dabcfab02da58cb0c08dc09e04cebff49753f50f3c0c2388e3efc77111e52b13e3512462c87e5068ff0084effc0881efe21f310243fc17a9bba7d6e24bd8db1a47044aaf6f44e9640b5ac05cefccec0fc16ab5ed7b145f5d21db80f778ac8a1d1d9190deb761cca3029a5fec635be4d10b9ffaf566cc06e3b449b5ed91e307742eb496b773f8f05c4fd70c9df9b8d5813b41b4c7968d4fe5317b9cc638ff005aff00c18fa967379bdbe5b34cf48188fef4fd1ff74e0596db5d4db0111ea439b1f9afe3fcc7a336f6fe78da4f0790555c9dd65761710585a4d71c87013ff54abb6d7960741103701f295d4c646248d76791f6c4c5e977afd5d606402351e29d67d1935c078739bd88ec55c65cd3a39c3fadd94a260b0cb1ca2764a924124fb637ffd6c9b5edaf7b9dd89d06a7fcd0aadd9510d8d1fcb4f879a85f7973dc1a764b8c4f3280e10c0d76a49d4fe55d24b25ecf3f0c4055aef7bec6ba34608868d34dc024e02aaec8125c498f20a1bb6d6001a3b43f7a390f1559be248909a3f6329d2874bd99d96574e38173a1ac824f8c1f6d63f7b72b7f543a950cea6e371f42bb74f51df45ae9f6faaefcd65bf477fefac1bfd6c9ba2c301822b6791ee7f94e526e3d95ced71612237374fbff007954e6714b988985563aafeb123f4bfaadae52639690c80de4bbfea88cbe68ff005b89f66c72e2c2e63858cecf610e69fed354c87b9c2012bc83a6752cee996fad897be8bc11bbdc4b1e3f72dafe85ad5ebbf57ba8d3d57a7b331adfa621cd99daf1a595ff0065cb233f212c3c244b8a12d2ff00765fbb2763073d1cbc5e9e19c7a7ef0fde8ab22b7fa4071bbb9d00035738af32fad7d659775016e091b0376b2d892e6b0b99bf6bbdbfa47eed9ff02badff00183d74d7533a1e33a2eb86fcc78fcdacff00378dfd7c8fa56ffc07fc72f37cc875bb43a7d31b1df23be3fe92b5ca72861139ac894bd10ad2bf7a4d4e739b1390c140c47ab27512fdd8a7c7cffb4385173435ce312dd013f0fcd536b0b4960fa559da655718ec2d02398fc55b8731d2e324c071f131f496ae28cc0f59e2afd2eae5e4e104f00e107f47c5af01afd0fb09d4787672b01ceaa03783acaaad33616773307e055b001686cfb8499463d696e4e96d8664063c6f1abb491c1495510393a0933f2493b88ecc5edc6edfffd7e5ae734db6170d43dc0fde9b71125dc37451c86937da3bef7ed1e30e20b505af26a789974c8f9e9fc16ff1538fc3f9a46eed85ae312edad1e40eaadd6e65dc4fb410471aaa25e2409d5a4389f8fb95ba5c7d06168d5d09f03ad782dc834beb7f9a173417bdc342d038f104a286ef683107b28df3eb9683036c18f8a956ef63638698f84688f5283740a0d8d3602ef182df9ffdf5745f573eb25bf57db99481355cc2fa58ff00a22e6c337bbfe0fd276eb3fe2960dae6388113aebf1409f5320c4b9b5c6d075971eeefea394596109478642c4a43fef99714e7197183c3513bff008ad8ea7d41f917bb2322e77da2d3ea3df136389fcf0c10dabf91b9556b3d4b1956d2c1b7da0ea7f79db8fef28515ef7ef77b89712e27524cf255c7c8731c0498fca8462642c8023a0111fbaa91e13564c8d9323fbcaad8376c69820687cd158035a184ee3e7af286d3b3de44b801007895371dc0580105b12d2a70c32b3e5fb5a8096c3bb82e9f29dcd45ded6d1bf598dbf328570f65ae6feff1e47dc95c36b6b07e893b8fc812a1248bf01ffa0b2d035e7ffa126265ecd34686820f727ddb524cdb1c1ac6b46eb1c0b893f9b23e9248fd7f97eeada3dbf9777fffd0e4b2b77daef26769b1e081da5ce8705543f6bb5d4107f0f77fd2856b30139593b64345d669e1ef72abb4bad6ce9b8c3bc0e9cada27415d48fc5cc037bfe54939dce683c09f806956315dec0f27d90247c3c10e3f9d7fe6b5a63ccc28b4ecc6d841d4183e3a29811137e04fe2c72f50af20cda64fac4cef931f13a2257b431d3c1331f150adae680d226469f723b6b1b9e08f020a747a2c910d4716d6e2d7121a4e852a98d754e0496ef3a1ef0d442d7b9ce0f6f7f69e4220c72d0c7417b48f7479a6f0d9f0d57198037d51e331c1c1c3e8edd7e2512c01b732c9804104764ec0d6b7d367e777f3252b580d955706034ba53e808fd47dab0cae5af63fe2acd243e4fd14b738584720803c92b1a1ccdbc108327686365b63441f301026bf97e0902ff2fed62e205e1aed18f035f3e10f25eededacebb241f39853b1bbea609d41833e681682e8e491c9506695465f490ff00bd67c60190fb3ff424f593638ea760d5eeeef23fefa92661b5956c882fede01242fd3d78eb8bff00415bfa5d386ebff427ffd9ffed16b850686f746f73686f7020332e30003842494d04040000000000071c0200000287a6003842494d0425000000000010e9ba11bde6388eb982ec8949175a64343842494d042f00000000004a4300010048000000480000000000000000000000d002000040020000000000000000000018030000640200000001c0030000b004000001000f270100410064006f0062006500000063003842494d03ed000000000010011380000001000101138000000100013842494d042600000000000e000000000000000000003f8000003842494d040d0000000000040000001e3842494d04190000000000040000001e3842494d03f3000000000009000000000000000001003842494d040a00000000000100003842494d271000000000000a000100000000000000023842494d03f5000000000048002f66660001006c66660006000000000001002f6666000100a1999a0006000000000001003200000001005a00000006000000000001003500000001002d000000060000000000013842494d03f80000000000700000ffffffffffffffffffffffffffffffffffffffffffff03e800000000ffffffffffffffffffffffffffffffffffffffffffff03e800000000ffffffffffffffffffffffffffffffffffffffffffff03e800000000ffffffffffffffffffffffffffffffffffffffffffff03e800003842494d0408000000000010000000010000024000000240000000003842494d041e000000000004000000003842494d041a000000000345000000060000000000000000000002270000019d00000008007300630061006e003000300030003700000001000000000000000000000000000000000000000100000000000000000000019d0000022700000000000000000000000000000000010000000000000000000000000000000000000010000000010000000000006e756c6c0000000200000006626f756e64734f626a6300000001000000000000526374310000000400000000546f70206c6f6e6700000000000000004c6566746c6f6e67000000000000000042746f6d6c6f6e670000022700000000526768746c6f6e670000019d00000006736c69636573566c4c73000000014f626a6300000001000000000005736c6963650000001200000007736c69636549446c6f6e67000000000000000767726f757049446c6f6e6700000000000000066f726967696e656e756d0000000c45536c6963654f726967696e0000000d6175746f47656e6572617465640000000054797065656e756d0000000a45536c6963655479706500000000496d672000000006626f756e64734f626a6300000001000000000000526374310000000400000000546f70206c6f6e6700000000000000004c6566746c6f6e67000000000000000042746f6d6c6f6e670000022700000000526768746c6f6e670000019d0000000375726c54455854000000010000000000006e756c6c54455854000000010000000000004d7367655445585400000001000000000006616c74546167544558540000000100000000000e63656c6c54657874497348544d4c626f6f6c010000000863656c6c546578745445585400000001000000000009686f727a416c69676e656e756d0000000f45536c696365486f727a416c69676e0000000764656661756c740000000976657274416c69676e656e756d0000000f45536c69636556657274416c69676e0000000764656661756c740000000b6267436f6c6f7254797065656e756d0000001145536c6963654247436f6c6f7254797065000000004e6f6e6500000009746f704f75747365746c6f6e67000000000000000a6c6566744f75747365746c6f6e67000000000000000c626f74746f6d4f75747365746c6f6e67000000000000000b72696768744f75747365746c6f6e6700000000003842494d042800000000000c000000013ff00000000000003842494d0414000000000004000000013842494d040c00000000109a0000000100000078000000a0000001680000e1000000107e00180001ffd8ffe000104a46494600010200004800480000ffed000c41646f62655f434d0001ffee000e41646f626500648000000001ffdb0084000c08080809080c09090c110b0a0b11150f0c0c0f1518131315131318110c0c0c0c0c0c110c0c0c0c0c0c0c0c0c0c0c0c0c0c0c0c0c0c0c0c0c0c0c0c0c0c0c0c010d0b0b0d0e0d100e0e10140e0e0e14140e0e0e0e14110c0c0c0c0c11110c0c0c0c0c0c110c0c0c0c0c0c0c0c0c0c0c0c0c0c0c0c0c0c0c0c0c0c0c0c0c0c0c0cffc000110800a0007803012200021101031101ffdd00040008ffc4013f0000010501010101010100000000000000030001020405060708090a0b0100010501010101010100000000000000010002030405060708090a0b1000010401030204020507060805030c33010002110304211231054151611322718132061491a1b14223241552c16233347282d14307259253f0e1f163733516a2b283264493546445c2a3743617d255e265f2b384c3d375e3f3462794a485b495c4d4e4f4a5b5c5d5e5f55666768696a6b6c6d6e6f637475767778797a7b7c7d7e7f711000202010204040304050607070605350100021103213112044151617122130532819114a1b14223c152d1f0332462e1728292435315637334f1250616a2b283072635c2d2449354a317644555367465e2f2b384c3d375e3f34694a485b495c4d4e4f4a5b5c5d5e5f55666768696a6b6c6d6e6f62737475767778797a7b7c7ffda000c03010002110311003f00cafef4e98a4baa797576493764fdd252bc1294dd8206466d58fa38ee7f668ff5f6a6ca71803291a03a95d184a72e1883227a06c4a5e2b33f6b5847b6a00789252a7abb808b9bbbc1cdd09ffbea83efb82c0e2dfad1a6c7dc398a27836e971b7512f154c753a0f2d781e3a11f9559aeeaed69756e0e0343e20ff294b0cb8e66a32122c33c3921ace063e259a5e29bba5e2a4635d2ec52ee92485c7212487212494fffd0c929d23dd25d53cbac96b297641cb796635af6e84374f99e1091a04f617f62e8c78a423dc81f6b4f37a891eca5db40fa4ef1f87f255375ed1abc4b889d752ab97820c732916389f77b9df9442c5cb9a592564fd3f462eee1c10c51a88f33fa5248e718db0209927e4a7e8ee0768e3599e5a5403c0009d4ce93e098dc481b74d65444c7a966a3d12ba18c008f73899723e15cda9c6d7700438797fe62a8b9ee70324ebc7914fea16d6f03f384231c9c32128e9c3a85b3c62513196d2145e9343047c8fc53f8aa9d3b27d7c66c9fd25636b87c3e89ff00355b5b90989c6321b485bcf6481848c0ef134bf74bb14924f5ab84930e52490fffd1ca3c94923dd2eebaa7975bb2a9d50feaed68fce703fe682ae76516d03232f1a92ddfbdce868d64c70a0e6a5c38321ed16cf251e2e67147bc9c2af16ec8b1aca9a4bcf0073fd6feaae8ba37d4bea1d49f2628a4400f734fb8ff0021bfc9fdf5d9746e994e231c5ac6b6db8cd8e804c7e6b1cefe437f356fe3343001dc2e6c7332913c3a0eef527968c07abd47b7478d3fe2c31434837bdce8fa5a013e3b61170ffc5b74eac176439d6bf7713a6d95dcfd209b6731c24413fa47ed40981fa111f47927fd46e87b0feac01f89fbd66752fa9d84fa4b686ec2d060f898d177191a059d743a477eea194a513a13a78b62152044a228f83e4f84d7e3663b1dcdd84cb5c0f8b756ad2f157feb1f49662e6d198cd45ef734f8821a5d05505d1fc3327b9cbdf6910f2df16c431734623ac44bf1944293a64eaf39ea1ca490e7e092487fffd2ca3c9f8a491e4a4baa79757646c026bea585711ed6dc185ddbded757cff69a83d9747f56ebab37a6676159cb46fd758041731ecfddb2ab6bdcaa7c427c3cae4f4f1023865ad7089fa78ffc16f7c2e025ce62f570189e38e9c5c5287ab83fc28ba794fea15d4caba7303afb4eb6bf56d6d1f9e47e72a428fad38c1e68ea955d71d6c6b9a601fdddf607b5aba0e9c05d4b5e0eaf68703f112a8e7fd54a736a7d3730dc1f6faa2f0e1eab416ec7d0d75bb9ada1ff00b8c5cce1246800abd4f0f197abca6249b3a8e9c5c0c3a1f5cebce22bea747b408f55a43a4f8fb3f356fbf3832bf51c08113c2a94f4baa86970a9b538c0654c276303406b7fb7ed47cb1bf18560ea138998bd7a68b3871931a1e122f21d6bac7d60cbc97578b68c3c26fd2c8716b7ef73bff3da863f481980df8fd5b25d981bedbbdbb09fcd8f4f737d3fe46e5d2e6749c5cec1752fa9b1686ee125ae696fd0753637f9b52aba4d62caee7b1ac7d14b71ea0cd22a67d0adc7f3ff00b49194b8451d7cbf6aef4711d287f7bfee5e5feb05597934f4ea9ccdd94e73dd6b59f477359b5ef13f459b9eb008209044106082bd0322aa9d964bc03b6a708f29697ff67dabcfde65ce74cc92771ef3dd6bfc172930c98e870c0895f5e2c97ff78e17c7b1444f165b3c59018d7e88863e1aff00d28b25e297827f15aee2287212487292487fffd3ca3dd248f74bbaea9e5d4b57eade68c5ea5b1c61b94c3413e05df40ff9fed5949c1735c1cd305b0411c820f2a3cd8865c73c67698e165c194e1cb0cb1de1212fec7d23a712c7398e00166840e3e52b5eb2080b90fab9d4f273fd57dee06d610df680d1b63db207f283d7515dad63373bb761a95cb1c72c19658a75c513ad6deaf53d61c91cf8e19b1df0e41a77d3d29326768881a9d4e800fce2a365551c7d083a4cff00b552cfb1b9b43a8b18c6d4fd26d2209fe4b0fd3ff3553c9e978d7e33f09c5acc20d68aa96102b04785407b7f7b6ff3689376742be103435228f675319aef4a1dcb491f24f6d81a0aa18d6b716865540f56b600d0e6bb77c9ce25deefeb22db66f1a7c54529d4697fb77224ed6e4f5bbfd2c4c9c96932c61a9b1e367b27fb3b97103c16afd61cab9d9f6e37a8ef4185a7d39f6eeda0ee8fed2ca5d07c2b97f6b971234659ab27f8128fa22f35f18e6bdee6380691c178b5fde8cbd72527f1492f15a2e6afdc2497749243ffd4ca3c94bba479292ea9e5d4924924a74ba07516e0670758629b46c79ec0cfb1ebbeaaeadfb75041d745e5e6034b9c600d49f001763d2cdc70e9be8748731aef4cf04101dedfdc72c1f8de284678f28f9b25c643bf07cb27a2f80e4964c79711f97111281ff69f345d9fd91d35b73adab19bbdfab8ea664ce9bb76d49dd3f109d30435dfbc4e9fe6ca7c7ea149025db1df9cd3a108efcec782d047c656746628eb4eb716406ae5f6c9a75f4ee9f4647da863b5b781b43e38feab7e8ee43cbcda716a7db61dac60ff0056a965f52c7a9846ef52c3a36b6eae25735f589d7b3a55d977c6f9ae19321ad2f6b5dfdadaefa4991119e484646a32908c88f9b8647d499998c59260714a3094a225b4a518fa62e2645efc8becbdff004ad71711e13f9bfd9434bc13aec22000231d220003c83c3ca46523291b948927cca92f1492f14e42fdd24bba4921ffd5ca3c9493bb93f14cbaa79752406be439507dac6b4990ef20557b327473592ffde713a0fb934c805d184a4932ed69c4b2260fb43bb13e4bbcfaa6e65fd130fbc52d69fec8dabcfab02da58cb0c08dc09e04cebff49753f50f3c0c2388e3efc77111e52b13e3512462c87e5068ff0084effc0881efe21f310243fc17a9bba7d6e24bd8db1a47044aaf6f44e9640b5ac05cefccec0fc16ab5ed7b145f5d21db80f778ac8a1d1d9190deb761cca3029a5fec635be4d10b9ffaf566cc06e3b449b5ed91e307742eb496b773f8f05c4fd70c9df9b8d5813b41b4c7968d4fe5317b9cc638ff005aff00c18fa967379bdbe5b34cf48188fef4fd1ff74e0596db5d4db0111ea439b1f9afe3fcc7a336f6fe78da4f0790555c9dd65761710585a4d71c87013ff54abb6d7960741103701f295d4c646248d76791f6c4c5e977afd5d606402351e29d67d1935c078739bd88ec55c65cd3a39c3fadd94a260b0cb1ca2764a924124fb637ffd6c9b5edaf7b9dd89d06a7fcd0aadd9510d8d1fcb4f879a85f7973dc1a764b8c4f3280e10c0d76a49d4fe55d24b25ecf3f0c4055aef7bec6ba34608868d34dc024e02aaec8125c498f20a1bb6d6001a3b43f7a390f1559be248909a3f6329d2874bd99d96574e38173a1ac824f8c1f6d63f7b72b7f543a950cea6e371f42bb74f51df45ae9f6faaefcd65bf477fefac1bfd6c9ba2c301822b6791ee7f94e526e3d95ced71612237374fbff007954e6714b988985563aafeb123f4bfaadae52639690c80de4bbfea88cbe68ff005b89f66c72e2c2e63858cecf610e69fed354c87b9c2012bc83a6752cee996fad897be8bc11bbdc4b1e3f72dafe85ad5ebbf57ba8d3d57a7b331adfa621cd99daf1a595ff0065cb233f212c3c244b8a12d2ff00765fbb2763073d1cbc5e9e19c7a7ef0fde8ab22b7fa4071bbb9d00035738af32fad7d659775016e091b0376b2d892e6b0b99bf6bbdbfa47eed9ff02badff00183d74d7533a1e33a2eb86fcc78fcdacff00378dfd7c8fa56ffc07fc72f37cc875bb43a7d31b1df23be3fe92b5ca72861139ac894bd10ad2bf7a4d4e739b1390c140c47ab27512fdd8a7c7cffb4385173435ce312dd013f0fcd536b0b4960fa559da655718ec2d02398fc55b8731d2e324c071f131f496ae28cc0f59e2afd2eae5e4e104f00e107f47c5af01afd0fb09d4787672b01ceaa03783acaaad33616773307e055b001686cfb8499463d696e4e96d8664063c6f1abb491c1495510393a0933f2493b88ecc5edc6edfffd7e5ae734db6170d43dc0fde9b71125dc37451c86937da3bef7ed1e30e20b505af26a789974c8f9e9fc16ff1538fc3f9a46eed85ae312edad1e40eaadd6e65dc4fb410471aaa25e2409d5a4389f8fb95ba5c7d06168d5d09f03ad782dc834beb7f9a173417bdc342d038f104a286ef683107b28df3eb9683036c18f8a956ef63638698f84688f5283740a0d8d3602ef182df9ffdf5745f573eb25bf57db99481355cc2fa58ff00a22e6c337bbfe0fd276eb3fe2960dae6388113aebf1409f5320c4b9b5c6d075971eeefea394596109478642c4a43fef99714e7197183c3513bff008ad8ea7d41f917bb2322e77da2d3ea3df136389fcf0c10dabf91b9556b3d4b1956d2c1b7da0ea7f79db8fef28515ef7ef77b89712e27524cf255c7c8731c0498fca8462642c8023a0111fbaa91e13564c8d9323fbcaad8376c69820687cd158035a184ee3e7af286d3b3de44b801007895371dc0580105b12d2a70c32b3e5fb5a8096c3bb82e9f29dcd45ded6d1bf598dbf328570f65ae6feff1e47dc95c36b6b07e893b8fc812a1248bf01ffa0b2d035e7ffa126265ecd34686820f727ddb524cdb1c1ac6b46eb1c0b893f9b23e9248fd7f97eeada3dbf9777fffd0e4b2b77daef26769b1e081da5ce8705543f6bb5d4107f0f77fd2856b30139593b64345d669e1ef72abb4bad6ce9b8c3bc0e9cada27415d48fc5cc037bfe54939dce683c09f806956315dec0f27d90247c3c10e3f9d7fe6b5a63ccc28b4ecc6d841d4183e3a29811137e04fe2c72f50af20cda64fac4cef931f13a2257b431d3c1331f150adae680d226469f723b6b1b9e08f020a747a2c910d4716d6e2d7121a4e852a98d754e0496ef3a1ef0d442d7b9ce0f6f7f69e4220c72d0c7417b48f7479a6f0d9f0d57198037d51e331c1c1c3e8edd7e2512c01b732c9804104764ec0d6b7d367e777f3252b580d955706034ba53e808fd47dab0cae5af63fe2acd243e4fd14b738584720803c92b1a1ccdbc108327686365b63441f301026bf97e0902ff2fed62e205e1aed18f035f3e10f25eededacebb241f39853b1bbea609d41833e681682e8e491c9506695465f490ff00bd67c60190fb3ff424f593638ea760d5eeeef23fefa92661b5956c882fede01242fd3d78eb8bff00415bfa5d386ebff427ffd93842494d042100000000005500000001010000000f00410064006f00620065002000500068006f0074006f00730068006f00700000001300410064006f00620065002000500068006f0074006f00730068006f0070002000430053003300000001003842494d04060000000000070008010100010100ffe1107b687474703a2f2f6e732e61646f62652e636f6d2f7861702f312e302f003c3f787061636b657420626567696e3d22efbbbf222069643d2257354d304d7043656869487a7265537a4e54637a6b633964223f3e203c783a786d706d65746120786d6c6e733a783d2261646f62653a6e733a6d6574612f2220783a786d70746b3d2241646f626520584d5020436f726520342e312d633033362034362e3237363732302c204d6f6e2046656220313920323030372032323a34303a30382020202020202020223e203c7264663a52444620786d6c6e733a7264663d22687474703a2f2f7777772e77332e6f72672f313939392f30322f32322d7264662d73796e7461782d6e7323223e203c7264663a4465736372697074696f6e207264663a61626f75743d222220786d6c6e733a746966663d22687474703a2f2f6e732e61646f62652e636f6d2f746966662f312e302f2220786d6c6e733a657869663d22687474703a2f2f6e732e61646f62652e636f6d2f657869662f312e302f2220786d6c6e733a7861703d22687474703a2f2f6e732e61646f62652e636f6d2f7861702f312e302f2220786d6c6e733a64633d22687474703a2f2f7075726c2e6f72672f64632f656c656d656e74732f312e312f2220786d6c6e733a70686f746f73686f703d22687474703a2f2f6e732e61646f62652e636f6d2f70686f746f73686f702f312e302f2220786d6c6e733a7861704d4d3d22687474703a2f2f6e732e61646f62652e636f6d2f7861702f312e302f6d6d2f2220746966663a5943624372506f736974696f6e696e673d22322220746966663a585265736f6c7574696f6e3d22323735353030302f31303030302220746966663a595265736f6c7574696f6e3d22323735353030302f31303030302220746966663a5265736f6c7574696f6e556e69743d22322220746966663a4d616b653d2248502220746966663a4d6f64656c3d224850205363616e6a65742047333031302220746966663a4f7269656e746174696f6e3d22312220746966663a4e61746976654469676573743d223235362c3235372c3235382c3235392c3236322c3237342c3237372c3238342c3533302c3533312c3238322c3238332c3239362c3330312c3331382c3331392c3532392c3533322c3330362c3237302c3237312c3237322c3330352c3331352c33333433323b46393138314133353845464239434542424236384344363039334241394646322220657869663a4578696656657273696f6e3d22303232302220657869663a466c61736870697856657273696f6e3d22303130302220657869663a436f6c6f7253706163653d22312220657869663a506978656c5844696d656e73696f6e3d223431332220657869663a506978656c5944696d656e73696f6e3d223535312220657869663a4461746554696d654f726967696e616c3d22323031392d30392d31325431373a30303a33302b30353a30302220657869663a53617475726174696f6e3d22312220657869663a53686172706e6573733d22312220657869663a4e61746976654469676573743d2233363836342c34303936302c34303936312c33373132312c33373132322c34303936322c34303936332c33373531302c34303936342c33363836372c33363836382c33333433342c33333433372c33343835302c33343835322c33343835352c33343835362c33373337372c33373337382c33373337392c33373338302c33373338312c33373338322c33373338332c33373338342c33373338352c33373338362c33373339362c34313438332c34313438342c34313438362c34313438372c34313438382c34313439322c34313439332c34313439352c34313732382c34313732392c34313733302c34313938352c34313938362c34313938372c34313938382c34313938392c34313939302c34313939312c34313939322c34313939332c34313939342c34313939352c34313939362c34323031362c302c322c342c352c362c372c382c392c31302c31312c31322c31332c31342c31352c31362c31372c31382c32302c32322c32332c32342c32352c32362c32372c32382c33303b364137464341424534373533434638373235453730374338343035364430343822207861703a437265617465446174653d22323031392d30392d31325431373a30303a33302b30353a303022207861703a4d6f64696679446174653d22323031392d30392d31325431373a30313a31332b30353a303022207861703a4d65746164617461446174653d22323031392d30392d31325431373a30313a31332b30353a303022207861703a43726561746f72546f6f6c3d2241646f62652050686f746f73686f70204353332057696e646f7773222064633a666f726d61743d22696d6167652f6a706567222070686f746f73686f703a436f6c6f724d6f64653d2233222070686f746f73686f703a49434350726f66696c653d22735247422049454336313936362d322e31222070686f746f73686f703a486973746f72793d2222207861704d4d3a496e7374616e636549443d22757569643a3442373145414546353444354539313141443634434345423836383042393232223e203c746966663a5265666572656e6365426c61636b57686974653e203c7264663a5365713e203c7264663a6c693e302f313c2f7264663a6c693e203c7264663a6c693e3235352f313c2f7264663a6c693e203c7264663a6c693e3132382f313c2f7264663a6c693e203c7264663a6c693e3235352f313c2f7264663a6c693e203c7264663a6c693e3132382f313c2f7264663a6c693e203c7264663a6c693e3235352f313c2f7264663a6c693e203c2f7264663a5365713e203c2f746966663a5265666572656e6365426c61636b57686974653e203c2f7264663a4465736372697074696f6e3e203c2f7264663a5244463e203c2f783a786d706d6574613e2020202020202020202020202020202020202020202020202020202020202020202020202020202020202020202020202020202020202020202020202020202020202020202020202020202020202020202020202020202020202020202020202020202020202020202020202020202020202020202020202020202020202020202020202020202020202020202020202020202020202020202020202020202020202020202020202020202020202020202020202020202020202020202020202020202020202020202020202020202020202020202020202020202020202020202020202020202020202020202020202020202020202020202020202020202020202020202020202020202020202020202020202020202020202020202020202020202020202020202020202020202020202020202020202020202020202020202020202020202020202020202020202020202020202020202020202020202020202020202020202020202020202020202020202020202020202020202020202020202020202020202020202020202020202020202020202020202020202020202020202020202020202020202020202020202020202020202020202020202020202020202020202020202020202020202020202020202020202020202020202020202020202020202020202020202020202020202020202020202020202020202020202020202020202020202020202020202020202020202020202020202020202020202020202020202020202020202020202020202020202020202020202020202020202020202020202020202020202020202020202020202020202020202020202020202020202020202020202020202020202020202020202020202020202020202020202020202020202020202020202020202020202020202020202020202020202020202020202020202020202020202020202020202020202020202020202020202020202020202020202020202020202020202020202020202020202020202020202020202020202020202020202020202020202020202020202020202020202020202020202020202020202020202020202020202020202020202020202020202020202020202020202020202020202020202020202020202020202020202020202020202020202020202020202020202020202020202020202020202020202020202020202020202020202020202020202020202020202020202020202020202020202020202020202020202020202020202020202020202020202020202020202020202020202020202020202020202020202020202020202020202020202020202020202020202020202020202020202020202020202020202020202020202020202020202020202020202020202020202020202020202020202020202020202020202020202020202020202020202020202020202020202020202020202020202020202020202020202020202020202020202020202020202020202020202020202020202020202020202020202020202020202020202020202020202020202020202020202020202020202020202020202020202020202020202020202020202020202020202020202020202020202020202020202020202020202020202020202020202020202020202020202020202020202020202020202020202020202020202020202020202020202020202020202020202020202020202020202020202020202020202020202020202020202020202020202020202020202020202020202020202020202020202020202020202020202020202020202020202020202020202020202020202020202020202020202020202020202020202020202020202020202020202020202020202020202020202020202020202020202020202020202020202020202020202020202020202020202020202020202020202020202020202020202020202020202020202020202020202020202020202020202020202020202020202020202020202020202020202020202020202020202020202020202020202020202020202020202020202020202020202020202020202020202020202020202020202020202020202020202020202020202020202020202020202020202020202020202020202020202020202020202020202020202020202020202020202020202020202020202020202020202020202020202020202020202020202020202020202020202020202020202020202020202020202020202020202020202020202020202020202020202020202020202020202020202020202020202020202020202020202020202020202020202020202020202020202020202020202020202020202020202020202020202020202020202020202020202020202020202020202020202020202020202020202020202020202020202020202020202020202020202020202020202020202020202020202020202020202020202020202020202020202020202020202020202020202020202020202020202020202020202020202020202020202020202020202020202020202020202020202020202020202020202020202020202020202020202020202020202020202020202020202020202020202020202020202020202020202020202020202020202020202020202020202020202020202020202020202020202020202020202020202020202020202020202020202020202020202020202020202020202020202020202020202020202020202020202020202020202020202020202020202020202020202020202020202020202020202020202020202020202020203c3f787061636b657420656e643d2277223f3effe20c584943435f50524f46494c4500010100000c484c696e6f021000006d6e74725247422058595a2007ce00020009000600310000616373704d5346540000000049454320735247420000000000000000000000000000f6d6000100000000d32d4850202000000000000000000000000000000000000000000000000000000000000000000000000000000000000000000000001163707274000001500000003364657363000001840000006c77747074000001f000000014626b707400000204000000147258595a00000218000000146758595a0000022c000000146258595a0000024000000014646d6e640000025400000070646d6464000002c400000088767565640000034c0000008676696577000003d4000000246c756d69000003f8000000146d6561730000040c0000002474656368000004300000000c725452430000043c0000080c675452430000043c0000080c625452430000043c0000080c7465787400000000436f70797269676874202863292031393938204865776c6574742d5061636b61726420436f6d70616e790000646573630000000000000012735247422049454336313936362d322e31000000000000000000000012735247422049454336313936362d322e31000000000000000000000000000000000000000000000000000000000000000000000000000000000000000000000000000058595a20000000000000f35100010000000116cc58595a200000000000000000000000000000000058595a200000000000006fa2000038f50000039058595a2000000000000062990000b785000018da58595a2000000000000024a000000f840000b6cf64657363000000000000001649454320687474703a2f2f7777772e6965632e636800000000000000000000001649454320687474703a2f2f7777772e6965632e63680000000000000000000000000000000000000000000000000000000000000000000000000000000000000000000064657363000000000000002e4945432036313936362d322e312044656661756c742052474220636f6c6f7572207370616365202d207352474200000000000000000000002e4945432036313936362d322e312044656661756c742052474220636f6c6f7572207370616365202d20735247420000000000000000000000000000000000000000000064657363000000000000002c5265666572656e63652056696577696e6720436f6e646974696f6e20696e2049454336313936362d322e3100000000000000000000002c5265666572656e63652056696577696e6720436f6e646974696f6e20696e2049454336313936362d322e31000000000000000000000000000000000000000000000000000076696577000000000013a4fe00145f2e0010cf140003edcc0004130b00035c9e0000000158595a2000000000004c09560050000000571fe76d6561730000000000000001000000000000000000000000000000000000028f0000000273696720000000004352542063757276000000000000040000000005000a000f00140019001e00230028002d00320037003b00400045004a004f00540059005e00630068006d00720077007c00810086008b00900095009a009f00a400a900ae00b200b700bc00c100c600cb00d000d500db00e000e500eb00f000f600fb01010107010d01130119011f0125012b01320138013e0145014c0152015901600167016e0175017c0183018b0192019a01a101a901b101b901c101c901d101d901e101e901f201fa0203020c0214021d0226022f02380241024b0254025d02670271027a0284028e029802a202ac02b602c102cb02d502e002eb02f50300030b03160321032d03380343034f035a03660372037e038a039603a203ae03ba03c703d303e003ec03f9040604130420042d043b0448045504630471047e048c049a04a804b604c404d304e104f004fe050d051c052b053a05490558056705770586059605a605b505c505d505e505f6060606160627063706480659066a067b068c069d06af06c006d106e306f507070719072b073d074f076107740786079907ac07bf07d207e507f8080b081f08320846085a086e0882089608aa08be08d208e708fb09100925093a094f09640979098f09a409ba09cf09e509fb0a110a270a3d0a540a6a0a810a980aae0ac50adc0af30b0b0b220b390b510b690b800b980bb00bc80be10bf90c120c2a0c430c5c0c750c8e0ca70cc00cd90cf30d0d0d260d400d5a0d740d8e0da90dc30dde0df80e130e2e0e490e640e7f0e9b0eb60ed20eee0f090f250f410f5e0f7a0f960fb30fcf0fec1009102610431061107e109b10b910d710f511131131114f116d118c11aa11c911e81207122612451264128412a312c312e31303132313431363138313a413c513e5140614271449146a148b14ad14ce14f01512153415561578159b15bd15e0160316261649166c168f16b216d616fa171d17411765178917ae17d217f7181b18401865188a18af18d518fa19201945196b199119b719dd1a041a2a1a511a771a9e1ac51aec1b141b3b1b631b8a1bb21bda1c021c2a1c521c7b1ca31ccc1cf51d1e1d471d701d991dc31dec1e161e401e6a1e941ebe1ee91f131f3e1f691f941fbf1fea20152041206c209820c420f0211c2148217521a121ce21fb22272255228222af22dd230a23382366239423c223f0241f244d247c24ab24da250925382568259725c725f726272657268726b726e827182749277a27ab27dc280d283f287128a228d429062938296b299d29d02a022a352a682a9b2acf2b022b362b692b9d2bd12c052c392c6e2ca22cd72d0c2d412d762dab2de12e162e4c2e822eb72eee2f242f5a2f912fc72ffe3035306c30a430db3112314a318231ba31f2322a3263329b32d4330d3346337f33b833f1342b3465349e34d83513354d358735c235fd3637367236ae36e937243760379c37d738143850388c38c839053942397f39bc39f93a363a743ab23aef3b2d3b6b3baa3be83c273c653ca43ce33d223d613da13de03e203e603ea03ee03f213f613fa23fe24023406440a640e74129416a41ac41ee4230427242b542f7433a437d43c044034447448a44ce45124555459a45de4622466746ab46f04735477b47c04805484b489148d7491d496349a949f04a374a7d4ac44b0c4b534b9a4be24c2a4c724cba4d024d4a4d934ddc4e254e6e4eb74f004f494f934fdd5027507150bb51065150519b51e65231527c52c75313535f53aa53f65442548f54db5528557555c2560f565c56a956f75744579257e0582f587d58cb591a596959b85a075a565aa65af55b455b955be55c355c865cd65d275d785dc95e1a5e6c5ebd5f0f5f615fb36005605760aa60fc614f61a261f56249629c62f06343639763eb6440649464e9653d659265e7663d669266e8673d679367e9683f689668ec6943699a69f16a486a9f6af76b4f6ba76bff6c576caf6d086d606db96e126e6b6ec46f1e6f786fd1702b708670e0713a719571f0724b72a67301735d73b87414747074cc7528758575e1763e769b76f8775677b37811786e78cc792a798979e77a467aa57b047b637bc27c217c817ce17d417da17e017e627ec27f237f847fe5804780a8810a816b81cd8230829282f4835783ba841d848084e3854785ab860e867286d7873b879f8804886988ce8933899989fe8a648aca8b308b968bfc8c638cca8d318d988dff8e668ece8f368f9e9006906e90d6913f91a89211927a92e3934d93b69420948a94f4955f95c99634969f970a977597e0984c98b89924999099fc9a689ad59b429baf9c1c9c899cf79d649dd29e409eae9f1d9f8b9ffaa069a0d8a147a1b6a226a296a306a376a3e6a456a4c7a538a5a9a61aa68ba6fda76ea7e0a852a8c4a937a9a9aa1caa8fab02ab75abe9ac5cacd0ad44adb8ae2daea1af16af8bb000b075b0eab160b1d6b24bb2c2b338b3aeb425b49cb513b58ab601b679b6f0b768b7e0b859b8d1b94ab9c2ba3bbab5bb2ebba7bc21bc9bbd15bd8fbe0abe84beffbf7abff5c070c0ecc167c1e3c25fc2dbc358c3d4c451c4cec54bc5c8c646c6c3c741c7bfc83dc8bcc93ac9b9ca38cab7cb36cbb6cc35ccb5cd35cdb5ce36ceb6cf37cfb8d039d0bad13cd1bed23fd2c1d344d3c6d449d4cbd54ed5d1d655d6d8d75cd7e0d864d8e8d96cd9f1da76dafbdb80dc05dc8add10dd96de1cdea2df29dfafe036e0bde144e1cce253e2dbe363e3ebe473e4fce584e60de696e71fe7a9e832e8bce946e9d0ea5beae5eb70ebfbec86ed11ed9cee28eeb4ef40efccf058f0e5f172f1fff28cf319f3a7f434f4c2f550f5def66df6fbf78af819f8a8f938f9c7fa57fae7fb77fc07fc98fd29fdbafe4bfedcff6dffffffee002141646f62650064400000000103001003020306000000000000000000000000ffdb008400010101010101010101010101010101010101010101010101010101010101010101010101010101010101010202020202020202020202030303030303030303030101010101010101010101020201020203030303030303030303030303030303030303030303030303030303030303030303030303030303030303030303030303ffc20011080227019d03011100021101031101ffc400ea00000104020301010000000000000000000403050607020801090a000b0100010403010101000000000000000000030204050600010708090a1000020202010402010401030402030000020301040506120011130714081521222309163132244233251743344126181100030002010303030302060103030207010203110412002113312205412314513206610771425233241581914308b16234a1c17216f0d182251712000102040502030605040104010204070111020021310341516112047122811305f091a1b1c132d1e1422314f15262067282332415079243a2b253342516c273d2e263ffda000c03010102110311000000ebfbf447f9fb29016f33b2db342541496720616fdb92d2dc3dba27604c4ac0dacc2a4b475d4d85528c32120a8ed09b31d1a36fca71156d5da51d28d2b66edba711007d97e3a140253c5104c4b5b5d23050e4d2b7406b2042c8b989338de9311162851198cc6a8a4dcb94e6d50b1b6715ac44b34ba12025d38a1b2a91fcbda6a4878ec8c0a4df6b934210a6b710e65701de63484e0ee5a688a5c6588e7359e868e97c2b642838e2cb5b7082edc46c413ba2362c9398ed6a684df8f1c90c045bb2f4dc1d395542cc99f2046250d85766a1a88a3b8e0124efe1a152af8d8de46d21ae273e46f11e646d149025b262ada23310a00da2ac840fa72ba9bf09d24172b6db09b7852dae19989cbc212b243f1312139290d43d3970db3016f1d00c8439d4da3046955a5710c459d6c421b59c96e129d1e966214dceb1452534117c0e6a4668d2295afbd22851076ee0d451b91974c6a13662d4159b8c23b9502219673d2d45d1b3da5041144a715913de8a4071d6d440c12bf724b0108ed4035c0e44db11658d2d11c50d42310cd8461b8cca324284cd9cab13510943608ae4d137134754e8e51bc16a352d074b95d0047642362c178a623316fe2a1fd935874acc8e15a645922110b18e12e04da292e6ad7c14e5ad0fb2909070a5a598ba50009d19a40f9b20836a6afb868e826e484c7d9eaae1dd8ae4ebdc82c4be73be15858458b82702013b4e789c4ea493b28a1190eb9507242b3d206d95748f226d056386809a30a5204d15650f2da7ede39e9ac5ddcda00526a591a1e68d60a4f29d229391b124b328dc039ca5052313074bc384c8223b59006c1bfabb9bf4ed41f18fb7e0bce3a8028c561a5a350b6b787b0978772e0960f67e2c79e21d5c02c5e95ceacde85c81d24e2885682d9cbda105e2e812385331b70b27011f0e36924e4ed9e03724ed9a1b313a4a7b22bb12aa64ce599170b966fe48cd1852c27cac006ec94b71f455488431640f58293861796fa00ce82807baa5e57f5fea67923db2cf0568288cdda5a10287b142012eeb099cbec92c9d7dce5152a98aa00d9520bf72adb5f64789361bb6f02c716a9462a4ce58dc2c315a072ada7bd18a1b72dc9c86e1adc9e86782b3342f9da3ed25e17191273624065c50b5f0440c1c2978eb1bd4ed6c423a596dc00b832a0de44d602d35b47dafdc0bd1b4ef98bd1900e71e812a29fb16a6a131ab9c592b54fd4e7be8a7a53820ba29322d244b4cf2e1428d377c681043a69d877d17f96760f53e6a76360945715b515275c805568cc2950a90c6e1cf1905b74763710a75b62f90a5db8497038fbc9119a9d15acb1a15105021be22c56b8e0613663a5d21494a519ec7c2b485f69a7947d79ac9e4ff00663fc2dd5c8c1797b1b1a8e90af229cb94c31023352879b92d6e76bc9563c4930b2dde3ab8dc1601682f76acf55761fd11e59d92f6f7825d8cc912188437194e8d432e36ac8a9e7789a765145861091361ca5cf78408488d67899c7a626011b82468c52a282dd1595558c3d39cc41c4c4c9ba025ba5c486b60ff0049bc7becea0bcc5ec086464b2804b964d479a21bdca9f50c98dacb3821bd916260d0d72d0911c64697772180414f46190ccd39b7e7ebf35723be3dbdf3a3633d1be60f95b5482e05b5ca0c91a4d6a25681f455d631146731b46e5bb2340fb5b2c6d895b6642ca8e9703288b8d2a60d15e11a48cdcca6d28a89c6963eb59209ae1c43d15a07e04fa20d82928eb1949b3124090fd8235d48060b4ac712cfb3e2e0b244d1a4526f1c1be8822e39a5b1c4cc40aaf26e326a9d4931b35c62ddefc81d8b7d04f9edced260daa0b3a8a067ad2d89ccba412527601f642b61453b5b36aa909a30ec64cc7951504c7674f3446c1c8c8a1060e9d1ad9b0067190f49a8ad8d5e75c3f3b3e97d1dcafbd21198145d8611479b227ebfc49379abe01ce97604885b1a325a55b90ca52bca64f1b269696415a2e62207dbfbe8e979db3dc8022325cffb71fa8bf26e6775ab198d7046c858b25251d2ca18c6314d5b7c127c86db1c5e6bda6b510903ae99c70d248e185c74505ae6a4a3a2aba187b7246c6289592d62e8aab2df529f38bea453bc57d0523447c160acd279484c74624ecdb56597e94f24c8ec5589a62db9036b1f6562c9c35c96a2d4ae411ff3e1481c0d818bf8bca44763def9f9b3b8deacf28b9e324c842122fb4b5880cd0209cbb2341e478ba1081c8aa50a293c0765ada341e48741b1ccfb316d24552c9d0504114d6c55178169302a26c6c3d56fcc7fadb5472bbd288975c259bbf8851dec0d0dcb48658bb083112d8b64851eed062e8e74c9e58c898f368bb6cd0edb3f3749ca730a453a3f6488b52e74fed57ea3fc9bb22cb4549d2d75a39da78de19b004a704a443e8d9a938eb66adaa585e46270133617b2a285e1382e7079173116d5c0a097381458edc64df6ddb3ebd715eefa31f3a3e9ab6bb9886f3fb802ea36cab046ca24b0b325f621c8742e8c657dee2c66195c1a6108e76f22ef3b634db64f133c9b13560fdecd21e6a25391ba07d83cb3a6fd4bceae6e2177bbe847cdad8bef3e71e1e6285d2e9024532c80243293b6e29dc94910fa3a9b6eb21096c868d8b7b87812dfe5bd7dadafa688a0c5934d8d9c16a6c26dc719a430fa8de51f686a2f893e84e0c4ecf18e738e9bbcdc9dc94ff7eb9cf5ced1f9c75adebaa5adddba63b1c7a20aeb7a8319b0a54584c34e21239391d5b076aaa9e4beb93073a57354ff003ffeb0f236a9f61f2b58bde3cc9bf5eedf9e0448b7c8c85d69e5285cc3474420614485200d862b92743fb69c46a2b4d0253b008eb2da954889d882438c9491d2631016f51d5101153bd1af10fd01a4bc87ede6dae58679a94d85acdfb71699d437d2ab67f41d152fbe173e5aff00a60d8cdc24dcf17819a923c8990bc60c51f26c2d64fe42a051768a5e0af10e87714b4249f45fd62a5e7d3d8df3c23f75e63d9b7d4af8d2ed391fc171428fed6f3d211c213a124b5978dc6d1f3d0733662051e866deedfb6a9c929161b2122037639336240645d23154b5929174ef4b7e797d3498796fdb56df31e9fd9371ceadde2f3eec73a9f16d74ad13606dbcfee5b6505f5f44378640560a628d93c02779791ac8da499d83f88c258a251361aba0ee30e8497ad1bcc75d136f3cd67a9bc59a51d7fcedd8ff00d63f880e9688628e1f8b99a55c6d28e884e078c22cb6c921796f09407059094b308ef45d1d216c9d0c95b7031e6641a223f284668c4d6a1f09ad3f3cbea7768ff3abe9eeca70df46770b479fbd2599cd6c359bf2ff00ccacc9ea3cc6c95f94ba87cd23012f118f2b330905ce3688f7c337710286b3d6d5bb9c2226cb158697af21e775e94ffa49e9d47e9f7d77e03d8bfb1bf039d6d50c5e858e938e17eda062bb342c8333835bb44f16bb8ccd211f0af088f6376fd30bbcb1386b6a2c48008498608ceaad090caaad28b75503f36febbf717f2cbec8769dc7ba2edf33676858a9f6adee8d38b056a7763ab49e4e0645271aeaf982cf90845ac11bb28a008678c43cdd7351b7d5f5fbc40e2acb1d867b126b291066eaa27b1de5a3d87e4367fb83f9bc73b740e2a42e8422739036c36dc2eb1a3845d414f4b5863cd3a29a3be5ec4b638763edde41d65a1e651a2d9c16b0b719d9cdda04b7392713166bb7ccbfb15eac3e3e7dadda6a45bed0357ad7bc512cdbad1c19045d16da24a2660269210324948c5d4d92015332956a8042e60acad15c566d140577a3525192fa79a91bceaaf66cc1c429e2bcf07abbc95a89f773f35455821d7cc5b6047084190021c17814f165a4086196d09458f96652d4c5b5e4837acf90b150855788180e17588543a58a240599ef116a6a47e7e7d50f575f157ef95db47b7dd8ee954b747a57555e83e3b515a6277d51032d6c7de6a7d9b7d4b57be1fd64900f022f167b89474eea340743e9face2ea7afbcfea21ea852b693c43cee6f8cf5becce87d37ce77af3c6daabf76ff0036a53c6d999396b3342b9d846594fdb7430eb60065ac948d7d21342dd071acaea501c75f2b7c6d0788426dc2fa080478721a0fa370acf9ae511e51f7bfa8af825fa35ddbe7f60ab2d717e7b7d0bc8acab2f1fb91faa8095aee834cc359bcfba776c9cc3b5fa0badd6f6327299239289686521add51e89e726c4f3a29f4a79a76a28973ef4fcf5d87719c4832862fa48bcd73bdae71d23cef7b57c29ad1f6ff00f3ae8bb5a8b466a48db397a6a8e9c1246e3a1c2aa6fc6d6b284b2c43373bb2235a9cbf01323f292aa0466376edba5d28408421021d2eb3584d879389f2fed1ddff00e7b7f4f7db1712e99ae139a7db2d4768166a1994d38cfd675a767d548b99d878295dc21b2dbb9fe756bdc69552d6ef7d77736ed5d74da940753e6b8bbac6751ba6cb737be7637ba6b44dd6995d13cfafb13c43b0ddab827595f55fe34b4ced739719f214bac62a1442878a0ab0c0991592d3c66d5469c42cdade39171e23b52c042c410a9297a488622c848683fcb1f665f2bfed1f6fbf3cfe9a755277ddd970aeaf67b2ad58963ac68bb6e95a45d2f9c75cddd38750fb6be80f887a36f8e65d2365dd52b692fbc5eedbe734d33e31e88d37a076d53ae51a51d9bccfe4f6f917e86aa919abfcc7d2bbc7c8fa36e0c750a0b661758d3adaeba6762f3b7fa6cfc76457a0f3b5482e367242d4172e571092d90fc6a2a4d96f591f3e024cd80670a04320a6031dac82a050171def91a142ed3d6f2cd7619e34f70fa24f85ff00a3dd077cd37428b61d9765cd64d7085d53df51a8e40e276de1ac8c6bfb7757ead7bd8298ad164654285b92f3ceb50399f7da2a93d3f72bd0be70a8e3ed9a4312eae18b9964a15cb611f53260887a35fcfeb5b59bb2afb4af223fa4efc94a32ec73c489b338a5a06b31bb02015e67d26929896dca8780ce5a5880e5e87a79f6d0b1139a903b75afb4e03272ec2884d9a753baa5a7d98fe7bff4e3ac1cb3d093aa893694542bd7a3f2e226c35137bb54ececc7cc455e56fa5584de02b5a15de592700ed24c2a4addff005f2a1d6b687a7f0b7fb044d2d46beb5b37b6c1ea725142c0abf68a0622f3459ad7c74da17926fd1cfe49c69b8921234ca555201f4e09db71b662b018e95c661281e3bdb8e346c78ec06ced7d871510bd81b5475f49c40b51d0b001fe709e5b0bd667c44fd053c78d3e9a254e69b631145d9aeadc5a556d8479968d77b4b031db3016ee315d9cafa916d618b94727ed2be8bb4c061adb6ddb39f4da4abcb082e6f9b631a94824aa6997dd64aff43d59ce8b517b37e7a79c0fbabf9c1c8e1f97a476b3d201b675ca0c82a5f611165c95840909a54591a36b8738377582879a88aa82905789349e8b9b81f0d56ae858895dfb7c98fb49d8efcc1fb38c0116c0576a1b55d838558377a9ca2c706e0f5a1ae5aa5a2c1a0acf4f52fa19e86967da69503afd9f57a91db6ca94a6dbd6aa03948b470d3469857edd1aee9ba8f43d5f84e85a9f5cea5a09f593e1d74fdf58fe30ae71aa91e1b22ea6e1a5d98b6a3e8eb60b80e66e34aa34b8859152198cde87aaad19e86b150204d9a7486b652f41e88a6f4a37cdacf37fa93d32fe7fbf4ed49c45eb6f61f9ceccf4de3964da69d37b8d69ce618bdae34043aaea36d948513a7df166e5b66d92955e57eddab5cdbb8b50df6d1f42e241b62e292472bb2f13aecf5695ab96b102e91d739e6dfefe7e6bb56bd47e3acce9cf434144204840c45f435348cf4249465d63c9b6244dba923da46f8053c533145056521ad0f1cb6dc5d90cdb7442ae5644c04485af4c7f117f417b41e27fa2f6043b4dabb7f209cd82b33bbb556596081755b250c8aaa1ef550f39b639ca57afcb7552bf89b3ebe507a694fdc6c8da38ee43d471b4c40ab7698154ad950425c68143fcfaaf20f243fa51fca98122dca536346d85c719105c14a48db229393b0704daa4467bd241c3c4d5adcbe6cd4815a6fc13798123edc11b6d8629650874933deb90e92c27669e2df7b77fff00133f41357c05a7709b506dbbbd0ac2b3d46736aaabf4bc5f2f1554465e7a4ae51eb1aeac9cf3b15ab13af1cb17586b9ff47b115bdc7b970f9096261b09628745586b4a75ca9485b2682fa6bcc5a2df43be5af581f473e65e2e309c0a9b464852cb008973c951923446d212ccb284e23022df092b7154767dca1e36a2948a6f588d5997071ecb5005518910b842d022956f96272ceb3e8e7e087e9b779fcfbd1ef0bff39b62e14198586bee338ce34da4a91656ad361586eeb0d7b56e36eb6feebd44542c1b471b2561b562e0a19ad08c70b2503ad59a9e8c73d09fd97f883d68fd2af968bbd0703d66e1256823e8aba008e1cb281041572b7e06a21685c5b43683961683b80c0f94c425b590918f8455ca4601cb2371345302dbed670a5a63c41b1fd047c32fd10f6b5e13f73df767e73635c2a2ef2d1baf089fa91c494b8cd25cf1ece1d0ea4ae5b2c59b828941cd31c26f5f226448d6efd06be8272c3032352903e707ef8fe78b4abd9de1924e018875f07cad180d6510426cee40435188e58d70da8ad354165c308e298e0f6f1af4fb9da785a974207c291b10832e6552836b962be1ad0d6f25eb96eaed43e6b7d63f415f1dbecede4fa98fd351889329d6760eac9d7550a6aed6cdb64656fd7114cb1a28880347f524643f150a9769b11cce6710e17d9b8896f42285e58ff4c1f981a7bb3f08c95accc8f948c498a03456d016154367c9d29b0e38a394d9546f042893336f0483315e91b1a894e63c6c2b92f01c68d96c7f047c995f0f5f2558210904f7a722eddeaa7f385fa76da6868f92d8224e3337db245d212d67af9f5dec6bb40da36da5c7f728c6d24e155f9dafe953c5c3446cdb4e7f5073fbe31474b3747a3afeee3c17cd57e937f2f29c88555092def24296d085599458b1491428d5d2155232d694da33d6d31a4d5b7684be6e1bb2f108a94aac2169c99a12285938dbe12d076421b364367e08440642c00ef1be2e7df3ee7fe6f7d06b36c90d259584b1ac951148689b1b0478f211f9b9105fb468ad58dc62b4e6cda1efda37303c221ec500a74e441c4779f8fb1ff157417e9ffc96e53b588dd2d1d650f8cd22432d82c73676821a8a6637c35b3923c149c0586190df86650c91da026bdadbd37a9c99b6c10ce4ec4968f96c7927314ad34ed1c21a26b26aaf42f42df9eafd327603c37b74e1d47dc970a23d922f32ea5367aead36dd9a5363d6255b61e42230363688c79038ab240635fd4b0131d6c7acbc7fd26fe80ff35194ec6609c24c11f4bcd5b2ca01c38a1d62ac8a8d24a92aa1ba7b5e4a4a83461a51c96ed6b7ad78f4e0b510e72c21094e8858c1095c36dc55179da554e934af2d253da8b4013d97b11f911f7e3b1df995f5636be3e0f64656916fd8a993d9eac3ed8e31d26e2dd66d8c4e95395ed6ee6d906f5819c9d695cb2ebb43cc75d72b6ed08faa1f19f487eb27c5670d33110e08c4e6712bb1f065642466ac44eb5f41486a5888c54557635c214b4b356d811c8342dc2a84e5b4aa1483b31ab18ba2aa21fc5522952da425b218b660e9c9c96ea093bc9f293ee9f6d7f1ebed5c7ec954d85354773e6e97654c566476485b0af94e152e22f092f5ed62e117ae4a211dbd5781b2f59ee3a3cf184a7543ec4f0ee917dcff00ce3ceedd401b64705b74d59f0b5cb8ce10b24cd5049d658b36bbe5ca7946883a78169346dd719318e580d9b25e6641fd9883632864248329b072ac4f37f209f11040879e90e18d4101ef4f89bfa1ef43bf303eae5bb3b54a84d1f2f98aa5ff003f5a9c388e73711d0b24c20bd22cb4c11cee876b25d7be5f3622a371b3c21e84bd49e6feb8bec77e79360bd51e4b40843b6140f996b0ad803d397270d044194d8f85eca08c5514b58141a135acbd0c46aed90ef0a08072a891a525af946873bae123e35be77998d39050a982b8f46e9a511cb3b8db9f10bf445eb43c41edabd66292c467f4b024e9a9c8f85c8c3c2dfb5a98b20b892f47662c3ccd9d5bb3ecec43cb212d206f17e6b7d19c3baf7fad3f04b663d61e1f78ba44281066ff004a2939991f014b9128292bef5f0c6b2c68618e5844c2660d9670b708adfb7aa691913331e062724edbe1bce36a4147f909cf3590f1d951a9254f0dc1a8fe74f63595f14fefa7b37f28fa8b63ee3cd887a8ade16cd0d8c9b92d8e108b6c1d1f5eb6b45764d46cb6a8a947d42ae5795b1846a07765f269eaaf38eb77d60f84b63769f354358ccd957fa05af7ba19876eb1438254439026132c61a989cf0792749916b803cef79e0c72159452a42c68ed4685b376dd92a6ff006948a9796b6324c4e056c6ce236d0181b63a560fac1c6fd872bf8fff006f7da2f8ebd73bb7d0f894dad95f6c85775cc5db1b23de5a170a5dbbd0e85afbccfabd3141be0cd9e39346d2ad423210fd7f0badf92ef7ff00cfaabfe9c7c4abefa9f116ae77d06839796bc2fbcb6693b5db0272a8e92ccd4702f9384e09352d7d8becce55b5d0df1d289d831048b01cc68c091978892868aae253315640d24666a2e084bec7c6d755bb5d630d7ebe4b48ebcb86fb39e3e647d6ef695f3f7e8af65575e1b74748e72f248e608a94874058eb889b73e4e4645a226df8918d70d24cf0af25e68087ee6ba8f4765f2c9f5f7e19cd3dc1f36ecabaf208cc5cfe9b73bf40ed3f6ae0fca718e3a4a6d2f5bb46c149904d4464e3091071c5fcad6441ac3160332d83cc246233b5f484cbb5f630c6e8840937188e8b98f22b0b34dd08f1c8ec6ab8fbe32c3cbd987a96bad1fb3545f38feaafaebf96df5afb84dd0b65bacf219dcbd51506a24d26e3d1b315ec2db1cdfb47f5c4c1aad68462b52d9a86a7e36e3d37cfdd7cd4fdc4fce86c5fa2bc895bccd72171164d51e73dd6ddea540923e868fb39598d86be746b27e246dd773e6ce728c1d9d47668df0bc5f7ac1b69cc8d90c78c1b74b2f48694be0c011cdd08351940e34c5be68ac48b32df55d1578ace36e5221c5dcd6ce74e1a4692f833eaafa0ef8f9f69bbfae5933b5fd27925b96aa1489ec333c6bf7e978c00a78f8a5daa2a42b6a7dc9dc4c581abdd7205f3a1ef48f1be92fede7e75ad2bd71da3a2ef6f23694772bea4d96f5cbee95d0a1ddcaa4206e6b8738715367f6b0edccddda56ba6bd4f44e25d18d84318a7636cb4e62e47eaed19a31408c43ba5c606f8696618273588eeb198e9c83b4b39636f18c9eb45ad31cacb13653daa6aaf9afd81b45f297ee7faa1f0efab377e6e8177d9b9cd8b61a816f59bdbf651c652d186f351f652d1bad4c3d1a3e9d6966d76dd9fce27d11f9e3d7b7d31f8bbcdf2ab623baac320ed5ad9cc7b1442467a6bd12b0fad22a8fe79d32c7b0552736da94c915d9f4bd48ad0e7e085b02d34a4e7c781b4e4562425cc571f9251a625e24d21186a929bd060b0d6590cd4453958e870969698c5566b66fb1f12a3aa3d3b639df209fdbea54b53fab47f9e5999bc41f4d3d34fc8afb47db730a2db13756b7ed745904b46e654469accc398d80a5b5312dc339f5e602e356195e5abeb57ca4a77ddff002090b2c4b0e3a159bcd6ae77d9dba69d9efd9ca1fc1d4b44be860792b240bbcbc73fc8c55c762e7924770b35795c668d93b3aff477d908a331fc708ac8a90d0761ac4dc221ec51cd4d415ad92aae797a41e3d92ccc031c5c85cbd0b9c517cffa9de761e657ddd79550743eaa351aed48f01f5c7a67f8b3f777b78a5cad92388b96c148943b8a59c6984526d277ce6f235d8add99f275ce0ae51e90aff94bfb59f0afa6ae21d349940ece7a53c973aecdca6270b3d5047dee5760866f43976230a279b750743b5b92ddce8f3b27776cd770dac295a9584f6af26770d680a038bb1a26e451dafcc509cf7a93fd8e2e9684e9193644658ceae94a4ac974b40bbbd8c6304b545ccef9b71d5782ba4a47c3b9b744ebb3e66fd5494746e65de3f16f477addf157b464759b2cba723240c980b8e1ab6f0068ea5b2f072e9dafc15bcf51d0566ea53dbbe15f30dedaf9e5a01c27b5c66ad7e56143b13e99f30eed7aefc7345447527b9b8a21d0195aca3046cc43a973f6b5c689654fd2eae84ba9cb058fa802e4e0c3dbab4a4e8fb037fa055957b0d79136f8a309c6971214fd6efdc24a111e4b1c579f171aeb3ac327a1e63f706acda7652edc628fa3f50d02f0a7bce2d4dbcc9543ec87ad72fec79bcff60dc4bb6f6ebe70f47eea739e86d55d9c7276d1e9cc74b27abf23b14253759be752fddf897904fa99f1c755a8dd275db98f4409bcab38dfca1e56b73bd1be63995eaaf180c9cf2d95a8031b757f51b41c111bb637adcf98c6d8ca47a3666c41312df56eba8ababdc840ee35e794d3da92ade1edf50d63a34adec0bab9635944dd577219c4dd67812f37835dd86e395e79afd4aea7306f0fd7ef863dbf127526eaea166bd4295842cbe357b249ba0502eebcd0fbd6f1b7b93d54fcebfa3bb0364a45bd7be784ba011291daa338cff3b7fa67f2cea7e89c9e83e59d7eabe2dd273e970d3ce8157717cc5bebae3693a7f19629d71604fd4aa6ad5fabda5dbe7d3f57022c9635c2a334257236398638f9592aa0db50f498cd6c9daaab428655820a7214c67e7d69a9b663b69612cd6ddc3d4eb089455824b2b00bef5b0576e45ae1cc3b36a7f9b3d0d198cb15a9d7b989924d5d1fb07278d61f45b3e3363bdba372c6a8993f521f2cfea97a51f28fab76e7b679e637113c0cbb3f129edaf0cf475ebdf17bf3e61acdc5fb7d35cffa0d83d2a9f6df51e798ad4ee5653fb2541b9b3b764b28732b155740bd3accb59639ac5c568e7d24345c7d9c94558ce9c86a8b2772954672c2660c274d0524be7ab85ed100cb30ed64da1b1655390b03ab59ee9e83cdac495a928e13adbca3b1d7109738254acf68f54a559b2d45044edb9aba104e6abe577a914fc53edaa2764aacff00dec7c67fb63d8d4e531d26213a66e9dcfbc22fd2bf96536bcd120f016dd51f3c77d466c333bb415bd7de700bb75317f5fb5ec9418f369884c358e2b1d3d50731e8c2c1af68baf71277968de0a89f3eac57d196e4a3d4dd14f436e7d819363adb193cd4e1ebfcbc34dcf598b027f12ee14c2c7379bac46a1272c8b7d2ad696a3570cedc03377106762d7fe51d5acee8f4fb865b9c706dc523e7051bf86d466ebaa4dde4f65af4865e23d3b7893dabec03cb5e9fa998c8f84cfa59f317ad5eebc259a2a628fe65d29c6daca2355b03e4ec659f7ca03fcbb193582112af2ac5b453be46e89a67518ed6e662f1737765df9b37c4ba5ec019d4955e1556b2c9de43426b368c62917e5858544fdbe491e0e5c82d9d2876c7cab5a039df60b1ae949e631c5a77be796ccf5063499b7a146d58c2f14ed2fa349dfc0be9a2e793f566d6afe2cce722319618cd5e6acdb3532c7b5535af8f761f783f1efed5f9b9fa71f263ac9f57f8e35638ff0072a8ea3d02e2be73da669fd1648f2127fd1e9f309d842823663bb5a2c776db39be2e735be9dd8da2b8fd8e02565b270332795e91d9e1232de6d3a8b877770b55d5af77ef42e5d844dcabe2a1ae21f4a251945debe97bbadc762a6eaeaddd6e1e9dcea3f4fb039d961e772157b2ec14df8e3a5ab5d42370f2f27948382d7ad36cd9a8123790919673357c3de0e6417c771b62d8a9957c45db7dbc89eb8d4ef5cf8721113648ed36c7af3ca3b4636a8c45c2ee4b9737bcfa8f31830ecce096f68ced093d17ed29bd67a279d7574a2490a8bb27c14d8f2d4eb6af9cff005c799f62981a0518859f3ed551aeec948da1b72ed74b7cef668b15b399d5e2b156d76ec5c7824f6c8488d02c6fd75887e7f157adc395be3c614755fa5c1a16d13c9dac43606c17658f9ab6357cf3211756435ee16d2c03c7bbd93bb71ba8ebdd0aa6e4d7f9a5c2ad5070aea341d57a7d836da4ed2fa1b87c1a02caf808eb63abf3eaf616dae4e1a5db62e6789755a435ddf0d1b0d84b053bce7a1bd58a3e0fce2cf615929d68dde97aa3c2bbcec5763e389d54d858f2cbb0525fb98f5dd697426e1c90253b5b27976f4de6554516f85c9b694cac14668b6292745afec75c38fb83e62015de624eb4f38ed0bc8097660be6c7cb9917292e755c8eb49889319d8306d5f2135af15ec513a5cbd8bd1397ebcf2aeb72ae835fb97a6f38b9ee1ce60f176530cd8d78d8f74154a1b425e9321dc4542d6f9198b9e7e2c66bbf21eb2eb606700e416cb93a7f3a2670549f0ae9b6775ca45bf3fcf5fa7a2a1f579eb3a0ed5ac6477289f84a7f9a7466b627d90ed9c7f5ff0097f5bb42d5486f76edaaad2075c586d0741e261a5c0223ca6461b52395f7d9d4ed5d610ecbb053191bc93e3a89463cd07656669909494ca57b4a3c39ebbd8bf40f04aba1edd16ae4fd8d7ca55a5d069163ccd262b093b0583b6ba3d8f98586b9207ec22cd2667b956934bc25590d7831f37a2396f5779791951f14bf6c7776e3b5ed7ae106e6d6c94db6bfb09d638fd11cf3a8115ddedf59a1f57a474e526d2bca5de6bbae5a2e8e9bcda275b9d905aa2eaca3de663235c6e70e773fb779c13111e9ec745d9cc6bcf30ec53cb6d4e2b0f3d6748d19c9e37656d21098cb237327cb4b221d5eb1d39e7de91b33e88e230a88b1422af69b1ef74db56e14194b8828d0e6e135fb34ae7abee926d038d3c7984b4c9e5766f355b0f0956465e2b2e6f79b02cf55a4399f49daeebbc3695a0744ada85759f5e6a6ea88f6b6f256b58a8b7857adba51172d22b7c441606d6015cb9158bc48473c49b0aea996e9edb6a912ae586d9e8742baad9ccdea6a3a82e6fd62bc82b7dc575e751a692cbb04dad65a255d0d75ac283789ddb6aec4de5aaba65f24d130d3bbbd5297e61d26537b80954bc1ec6748e38505beb8f3becb3cb2d4a61628061652ab045359fad071868b067a7f2953a9d8f40a87947409459209a619edb969a0d25cd3aac02a564b4ba1d23e8f41ae1bb4f3f7db7f614e8e8e665361868e47cc30349c0dbeec9be5365d37010c8ab10b1a78e424ddc3d339d4aac95eb86779e6b072eedd810d39b3d4feda97864d936aa4b0865a87e7dd478d1dfa6e2abea65ae4c085b1af349a5399f4c90dba290685d9aea5c39da51a523cdba6e64c9ddeaad5ac0dccc70ded69ba14521a76bb87b759760a534ea569ae4bd1076ee6d6e87cfe2713394ef12e9ac712f6653908eb22d18eb121b0de81e317bf3fb5e9f589d31c2cb39c83182576cf10a9d96c2b9d4d3b1a65b60afad103aae8d7ad97ee5c52ceb05320b5cb3c1eb56b9cdb2a7176b37c479a5cf2bd28b4d75818cbd7153bb40ab16acf32275a9dbdae3ccdcadd171a849b77968e7e730f65dae964684c2097ae2996f92d9e1120ac064f6612f5e2548a52a5d1e48ee14d7cd6aae657eab2837adb4eefe7face36edaf1e64ec9904760f42aac57935d367bd5de7304721b1743b16b1dc214239a2acec503a059d8e9d3330ea55c9ef40a716544da52b1adfc0bb3ec6f71e3b615b69daff00cb3ad383963675de99168b997772c121ee4d3d13846ae34de56bda85cab8a45c5f851764f48a63ab88e84c2596453913b15d2b8fb5a5f80d9c2ecc5adfcafb358569a75816aaab18a5eb6ac5be72faaac2ee5e4ef22220ce79d9932d65e0ddaa48fe165d7b81a23ce5d79b20269c99c5dfde9ce2975f5de6906a25936c69562d092bf8eb39645bbc062dcd6bcf6f579f77e516674da3d75cf6e377748e6baa7e70eedb19ddf8ecb6db5ea0794f597b958cb16e15394cad7530adb2bd21665ae8f140582b4aa5d0b78dd8512e1540d269883749e6c4e3739c37b66d5ceeb88dba4acd029373519cd3a7d91d0297297f05158b9da2f9ef54b0ec95132c4cea9e497c6d5495e1d1b95d03c9bac42eb569995beb30fe5d6b85f18e9f24bad1adfed9caacde9f46a5b82750ec19d46e8f5e5b2445b236918cf39968bf3dba6c27b0787bdce46c4e873d7c752e55a9de6aeff68751a1cb2c95fa879bf489ede2a669d8c85dc45a968a2d5d49bcdd17ee731c8e98d4de31dea716aad3edae2a7f1f553265a56353ba59b71a5bb4a47b40244a4067d3752a3796f50ce4352fb257f12e644d416af6983536d12db9c04129766606739775ff009955d4bb9c4e9561424890ae5f6c8c726e90ed395cbe7d1fc3a295a9f0a9961dfc8a8ad40ed55177b0c5c16bb660205e4238cf54bffd57c11ae4173d97a9be386bae3e72ed17377fe5701a95b586893376f77e55c3333a9d859b70a3c3ebd61b36c74b8f0656abaf5f528f21d3cca7dbabdb369a15615fbb471b4d3629e37423b9c4d566c0b8d435eb9175b7a5339cf42a8c223ed4ec88d681c8563cbeed05aada6d1e9b4b8d434a3b9d9a29dc66a13b04a2dd1ba9732d7cf7a1da3e8ef3fd87d42935af1abec926a07fffda00080102000105004af9410cf2fd56c730bbc18128618604053d4f29ea78f74ac67a30122f1841989974c9083167682211eb88902d5dfa85c41902c85832a9132eddd933252c2298058477081e633d8443c7125feb042a916b0c87b94ae248884d864307d4a87812c240c207a858768f1984949b240f918f332211818edd4cf4c967461d996024130270bee7e323822810883e112b349b3c6a2ea000852660b129867ebc8524beb9760f2494320392e2227c7272d299eb9a8e3f7497782ea2226391117098001898e127125d821a0d6f688067f129310c236400fef690cc2cc4624892b895c149490c940cb3aeec62da2bf0ff00bba232088efdfc6424b1f20c038e201b04c85c184c788cd620a71321bc8e260a2044bc6c0171911f9380f29162c8ca4eb2b80c0b397504eee981802ff7721864141411028c67b4b7c4c88efe36471912888189ea422621b03d4c01f520101270b028102b0c5f6861cc11320d930ee84c23a90e6b0e1d821ce903091200748c7698ff00babb113d0ac67a74319d1ae545231322c362fb814f100e8608db044110a9f23c27bb8a63a9687398f0870303ff0071cf601f32cd9225001dfb07192efc7a2fe4e88a27a1ed0323246b1209fd7b48733808168c07022260804014b1ac63a58b0962d4303131e7129599199877614cc4c4c0413246657c249910c192f24944749339e878f63208e992427c83a961474a5aa09dca208a4a1a0ce11224c02806937bb04171d2e0d9d11433a64c04c87f3f75a80e2208483940988b1fe606103616c1915ad8c3208548cc981444c4f8ce643c6099e2b5cc8f4f92267ea5d489440f6ea798f44c55667e7715d4ec588155addb5c485ffb058556c3acfb1752db0099faf966079b4580402453c993273d2ff6898cc743ce7a935f8e461bd732648b06260b83c0cc8bb981f2892f3b64fb721591cb6222607cb063fc7d73212211efc464bb0c2963c8e044db113dfbcc11418f51e39e87bf3239981e412c182ea60844248e38149414f7223ebb76e8a462587023bb7b3703a855dafdc99bccb99bdecec39dd361baa65ebcdb192bab87a769bfacded67ec46c38d0c27d9bc45f587d90c7c19fd95c0aede0fdb1a56622be5295a20959caa4187244070c918331389fe398321116303a5cf310edd862601b24ce898c85010c8c91814f260c79643c91c08d8631db84c908a0044464a424e01911062524b280196f91853111c4064a59272a38ed09f31cacd13d7210e8980643c84b33b0e27133ec9f74dc763b277aee472410d6af1d3c1cda4b143ec278e472145eca84f1b52135de76c6926965fced8a03284d5bd5cb58f62ecface4fd7dee1c4ee360542dea2604678cc048c4c444990c94ad902610722101c7b7450f08ed33227d1c2ccc0cd73fb619dcc592d5837b874c35f38093357620e5fa0cb20884023b88b209cce9c1fb48c7bf960fa64892d6ee1d2a48e3b28d6c38ae1b2fbcb17459b5fb1b3b9cb6db6c7b6aa956d0c3556086d65f568c0157cecd8ab355ea8a8efd92a93ba74c853468a116d2f58aac5d5fc6a0eb43d63f3193c65df4fed76b6cd454d92e827b90b0d7d4c498400941b0e60c5620ce306b9198e44065013d2bc651c6066151e52183952c546527e5995f1608f7022191ed23c1e252a12e94503d70f3979260a64a008cc88cbf772139e104c4b4cbab1742acfba7da95f8d9c81d9aefb48a75e8d9b1e48baa89c83d56c2d349194c8e40c9d55a0a16a22557f136b2135a99ca4ab9509c625cbbcf717c873171691608e95c71051f47ef23ae36a92da87acc66061524021d02e08d673de6607a5aa22621be45c98c0c091d783711784a14731063dc038cb259c67b8f9de1de0a47bcc8cf45c990c4889b665d252441e48e85a3105cf84c7181882988e1390b4bc6d1f66fb71f913ca39d75d6cec57af8c11c8ce402c521cac3dca8b02316b1c4abcf585954b7bdaa9900bdd15563eeaa9aac5619f1aabd5077590ad724520eb5616481b155aa986b8cdbe84f663b64c3cb40e0bb4f511322133224265d149f65f698890280929748c08a259c7c44de97ce08a643a2e4252c2edc27c6e992e8b94297fb847b44f3806b87c4624c18fd444ecc2d7fa988f280999edd8863dbbbd2f1388bb0f61231f27673305622ae4158d335cbd8b0b2aab8e484e6394f89635cad765cd80c79e29b504169ad7252ab8a50cd8b9e68a77cee25d65abca4355e745823aac4128bebcdc0afbda657c2607a631e01ce5911c7b0f682113992f1afa882640c702174f3f2478e0c99d172885319c1911010c2f86e296b220d6323d8078884769981939e5da79264b94cc769181fd0cfbb45e64a46fd99ca67b38ef9330aff0092dcadb59aede3d27d63b1c669458aeaad4e2ac5c75262a508adf26a2026ca4e6dad794aeae979ab1f2ab65da5119236346e5516a9760b255256fb4db8d4459bb5817ad6cb184b5a2675bb4eafcc63a19640fe9025de05711005227d4c914c3a1a121d4f11ea662260bbc8a00ba818e4e20675ce3b1181b3bae604666664e1662dedc866660f8489c092f91c77e2047d8c4605b0b8ebdbab7c6d09ca0d784d8a456b35705b965d7459eacc8e28d15aca1e8f20dc75bf899359e29793bc20bb1533ef5a0b24737aa5d52d35bb06571ec84aa925d54086c43ecdcba8b1f269c8d96da18bb92b115febbfb4159cc748c902f8cc71123848c88919478e570d5c4877306034a4ff0059ea424a47ca53227e30f242484e17e40eac2c05843c024023a329911643ba9e02c1899111fd9dc593ca7c90225d5b5139398c8ab118cdb72ebc9ec395c70db42cfe3d8a78f1b6bc62a2dce4ab2ecce3ea902b2f4da719b657271b2cc122d99d3c83a22d62d865342eb90aaacbb6afc9c8b9ce3925d9343199454dbbf6009997a9198c4ad54eb3f097bf0ecd1b603d8b590ece38903293101159ac48d9e41711482e24056b1122ec6725032a2835443860c97101c0b8f563b900c9719939223138e07c24e098c83f18f78e84a0a4c6605d12c96409abde3929c7e84e9a3f25eeb32bb87083558f0584589650873eff004168aa567e4cd7d663234ab3adec7526d15ea047632356ebe760c3631bfe7f4a0af7b2af57257b46e9d757b32df4ff00654d8aedddaecbf17b7185fc2e7104cb098bca875873febd67177f54aec19b251e298e721fab1402446a268c11f795c1b3a0e52b3203e82782400e54b5cf8da6a3ebcbfc4c5911909108430627b1414705c307c7fa0a981ca22056d61ad851fa8b4a207ec8e58c68d86da53df9a601e5845cc6b5d65c5940ab0fcc39f5f35ec9f8edcaef39aca38bf28456177a021ac485db2ca854e81dd3b58fb6b86d581eab625710cc4f6ab531322d70c1c8d99a16a36872bad276c53a97c95927d15b84e1b63c5ccd8198fdc72c9ea585c0c88896be43050aea64a098b9e25010c701c4f63989e323242c8ec51095f90ca4e264ac1949c1100ba571251252601fcad2e224e2909ebb840b39ccfd94c989ecd7e650db6dba5339aa8beb2db5e3aa5bff0026003c8ed36ec1a2b028abe1f1e497629203f8aed62e6114d976311315f188445aa0069bf4bc88af58ab45825825892853942aaef5298dfd576fd6d9c3a16b1f662f2b0b72dd2cc6b726ec08029fd72988f1735ac0b9fef29912398e3123da3a2611f533de4463b94f28899889e5e435ba5de4ec3dc2096be2de03222053051c80f991811474623c57250b6c930fec68bd9bd67b28d475536583abb5fb3ef65f22162f59b046a7b31a8681d0594f5539174a927aad560e9ec008bea987492c650426a22f0c5c0e0921ec76da65d5b8308b92a8337736d4b7f12d7af3645bd68631efd31ceb5ac1cf795c08036265e44643dc3b18b46444bbacc4a3fe96f69199929986949c3583e44fc922164c94c7525dc4a2520097c4ff00da193212699f29209ebbaf8144f773420becd3da9dab7fcdb6a2764da2db6baed57ea85a703b1a106fc4f9a3aa6315c6b3d4c28349a52e8749044aec508968a9272b64abab0a2865aaabf3d85ae12d71315262d5361ec02363551109eb52cc15656b1953bb8ad3c4875eef1db84c4318b13829edc7f52390ea25ca9912139e5245c06665650c61449b8027b2be449b0985dc0bfd17e39f1c8f759b1852510453fc5d2db09237f39912e9891ebed39ce276dda7355e0f2b91063291f69a4256da89988aa6c1e905d851620ba5bd7cca5522b085439647d0d62efe04975610c21b502fa8f9058da4b98cb70a1b0c124399e112e268662ad305bea0bf6b234b4b9e7abc140c77219632260815e1092e2222043c2207ca73fa819835d3d8245aa9997da1a3d761f2b25e4d291009edca0fcb263fc703c97225212e14a418426d2ed1cd824c292ebedfdb746cf9ab0e2b76412b3a670b2d78418c48ae0804e1e9f1f86b2d7e0a48ec7130b830857460a9216afb7321e8a08d9744626ed5222bc8f8e438bf9023ad5dbb0fa2f4bec41b7aa810aebd008307eba40bc2771288819e9cb239e23100d58f41da0a46619dca047900b0e0106d29e984af2b7c6deb94f46722d98e5d0f798ac24205ce1703d47290e130d1211828ee031320eef3d7dc1c25955dced4ed90b512f2c756836e1756c864470ba000c17afc42bd6f5fdc7c9690755766ddac2923624b8a2ea4c4df2d25db932b3616853360e3d5bd89876301ad64f2d01a355804eb788c1a61381af62bd4c56419bceb75b15d5698733eba5643f3f42baab54e7c44063bb4e11d41b2444562ce505d49c98aa084a2799772f210c7708efd76ef3dcb89c0934c821ad1efd4fe8a50f21105c49790245830fe202b6440ca4ff90a0a67ed8e0c6eea9b4a01393755ae3181a4ab0dc4163f1c54f79c74581f66b1f5687b1b1655a86d3ae6523315714ead9a7a96f467e50153392e8fcd9ac0f2f11d66737e38d454826966a8a57b67b7918e1bfec5cae62dcecadc9a872ee1af6370664b5a538c47ea92eb96cb57bc8f8db26b6181b8a0a457de48e04e0a445925e60611199feafecb649044d864c4cb4a7af2871691449404f4e5c9a4604a4a479a5642045d111769989e88664448786673986c254de8359f63699eccc6d8a9b6da1253b0b926887e56db12eccbe9a6de56f11e2b5e3c9757d16718ab3b064d95cef5d9b351e65730ebb8b87439c196bd67c4dc959b6dc4e56cdfb3afd5bf92a67a3dbc97590d10eaf591d67e1d7a3625c6161cdb1483e4f5e90dbf07eb4557fec273859fd5361afb660ce587d488cc476e504c83ec325307e529e2d2967082818015c0f7018862cc781f198ecc9928e8848a0627b9130224b918ad851e40191028261c882c964bfec3f62dbb10cd47db3bceb8bdd72bfe578dcc8f85b49524dae502bc8d3af929c169ea4e42b6b5ad57ca6cd82d169e436ad35b8d0f88eb2efc55fc758c785637daad4c71db58b2a4e3b18db7924626ae38b52c0d2c5db4ed786c5d1f0cda764d98889cac803a01a2ba47e34ec775209c6e2f219bcefabf565e9da0abbc37c43d7ea3d4cb38c176e80dd3d0cc4751dca26624bc872c92adcc9a31d768e033e7ea7b801119cc30fb12ce23bc448911448240482045900526211d7dd4d02a6d9ea9c8612d55bb89ed38ecd004ba8a38f55f1e528af8a7e38f0bb1d9c25aadb055d81d90c9e171cdb5b1d9bd71788ad36b6ebf362fe2a4d8ceec84ec54be43b1c9755c86231b8bb9572398afacdc7fb0946191dfaf641502fb16bf1a26562bf20a611d9df1f2f67d73225ec2c5041d1974399fac74245dff008d873dca7b12fa828383838992ef21da0191dd65005d7ecef08f0b02222058ce960f05cf6305fea0b3205b078741faf40b5f393185ee5af236dd6fd9fafb707ec1c8a4b19b1656bf9c680026ce314b212448964f56493d5ae674571a3e51e182d52963a334d36abe030dc9a8288f99203947208edd10416b6df875af31165b731946c359ac52961d64570952ce6d042c2b192e71e496dbf58e26ce6fd8987ab14b0c13fc7c067ae12be8452706a20b05c604496430c99222186f29022f1f653a1abf11f460d131199ea5a63d11071ee33d4977850c149356407de7a25894cae3873900fb53acb311edfdb80472fb040dc7529713b186af1cf100ab58966998e051e4414a7cb92074572fe462e24c26bb4a2dafc07e76d92a83da7b7920297251d6158082a661532cc83170c83b1525b682be57e96e0433def2fdf12aec051fee8312091954f2fd172672c4935299ef05da2565253052d218818ecdebb9434bb4cc8112e0a660d64f18950c299fc7da4e18cec1de18207dd64442bfbf3ae3b11b2e7330a0d8724b27462972beb0de05e3d230c1428058912939e3c898d99c843249fd948c781322ae3bb2f334fc716ab429584b2a894b61a4989e16784434055368252195b1312299f1d9559fc87f5c5aaadf905cad45d9670a592d4b5494c8b38d7128036c2d3fa28d5d8dc22a1e94332d22893ee321d8fc65d971d89b0ce0221040c38ee5203d843b0b7bf6748cc91f2989fe2ec651f687d581ec8f54e635677e5625d5d14c1c078e2502abbe5e18f3084039ac389f1f5fa94df4c8031a76ace2b180b578d4b2ca23905d869860d725669ae0405bd89cd2e3366795968c2afb2080de015e8d40b83f513d7e1a0fa7639f7082e1c0e0b8cb3a6303a2932e802001d2246442a8883ec2531d14f09e5131d8bb1084f4ae7c48f875112ce847b0441449994f44424bfdd0b920ebbc7032920352d89fb91ea71d1fd82b4a0189190c9d2b302aa6d777a3648132f0017b66660c59d6789e8a4765153ac666d4debf2bddb92cd283a9c989dbc5d90664c23c6e3388973e39652d4320d90b44b7cd618bf9c5ea1c3aad7b0b10b5d5c7814c11f3e2d39547391e9706212af2cc2e008e58063ccba588705c4f44132b360c87eee2432710710bb1d86624449c3fbca1bc664b9cf799ec04d67760408c0ccc93384147dd3f5adedcf44af889664f3958f1ecc6e519048bb61438879d75d3286b1509838ffb792ad192a6185c8e3f256f596dc4ce4efb49342fe49f6e898d0c457c8afa47992965a1f01da6265cf598dfc80c565f8d23e8ef416d7ee957d73fa7b92d176ee248305911f0e3d3239297007d11b399440808c7500d931891e80c0fa9e40727d9903c99fb7859121ebb71eb88cc217dba9611914940b398f5dd5dc664c4e388772ea1711d442f815451c1fa8740b167ec0ea9fe2bec3411aa2a3257668c2cacd0b02998b89930ba7c22f5e6c7c152bac79d452029d29b1964e3e01234ceb181afa5dd6f25de5ccb4a16dbbc02bdb71a892c02b1fd736026b6a495796cc728082115c4948765f608fd04064e0b8c118c0b0a3b4977011998af27c208c5a01027c67b59ec4d11192182ec31e48e113d1c79864a17d44352311dce622046244e7b48904c8f86244cf8afef6e05f8cf6e2c19e44b98c2ab9102ebf231303701e4dca01ca320a8726e1d912a8335dd4f2c165b54ac1cd350349c84c8d96a259282ea3240d8b77a49b798d9a52e588fd11c1162bd13e48e7da07a291118830eb94768191888ef2b84995b58d8ac43c171dc62227b8b1e2333d8ca7b8410f661c78825820b99ea204c8812b8e5000d988e85e40d36f9048a7b8f7efe4259901b088fb00a81acfec17451b987b5ff0016cd7b12e6f9cbbbaebfccbbac59f82c3dcbc75fb5613aee66bad819300522f3987f914da66372b6db675c6d6eaf62ec088d1c8d3590c445812531d06beb158b07ddfaf7adb35af4da17213e1efd4c0f7e1e7589448943ce626622209c5dc617333e480e700c92025ae207b70098f2710e7233321fac0cf764470983026098441140f5c8098d1810101126c484f1009e32c819128938efef2d129eff00eb6dc313675fcd0dd52d155e40210c7f5af6353d59c5d113c5d8159d1c989b5560590b15436e1d3e792cea815732297ad45251956c58ab6a0564fb430562d256dfaedebcbfbe7b531d5471f8c512e664657105c2b889cae1860204c185cf68961f6643bb4148b220455cfc502710123224721c7cbfa4cc4f5db9c411327876152d847e308289852982026412223d80488397335cb0a22489233dbbc942c43ef0fa0ec60362af1e462ec8485769f7ab61c906dab0be94ff003bd5f2ea457cd679754f63d8816dd9b3ee3635ec53c9a9622dc474db46e1748c14cd65420acba3fafdf4fb719893fd27c7305260d16171e9b1060b835f5c7944b3c226a2958cc8073285c4440bb9caca0fc0606032d2edfbbc7c094c519f198326d752c1044404b5c1324bcbd08323a099e110b3ea57dfa60f8fa8611498979242063b0186f3a7e17d81af7d81f4a643d55b8d4792eee3ad93561756fad3ca0509b6334691ba6b60fb15dc6555d7c861aa24ad5705f475409b64589963256cb0e99b444566dfd68f47def6dee586c6d0c0e338ad90a2fd609433e32f2f63e5de447b10c4c8c889081c0f8e620b99afb40a4ca26202208a0e4bf6760ed620a1e45dfa99099074f69e1d0f920c484438763254174325da6647a39192828f2c88c9a93c07812e1ebec7fd88859a9b6bea22f0cf141e21c68af49b1ca85d0390b6e07514b648aa12e72550bcd77cd53a27b920eb02f9c8358e093305a7175291ff005d5915831265c646048e227a1e7d492961de5dd7ef9e9644d958ba0a7f55871816b265c533c7b478a678a87bc0008f2e63dce3f7c010745101d2a06643bc4f364b3f6c14cc7083fda4b38881fdb0cee5dc16c219e81a31d19fee339675fd94d75362bb2c2d717eadde92f929432498b79a9942dff2465ea2e233c972ade54ee05cb4d35c934cee47607a46c35cb0c6c5bb5171ff0055766bb81c9e93b1d7cf625a5fb7b1f05c4b20e03a9435502c1ea3908c71208818671e3d7ef20885c8834c6257da06522472305c53e46f0ea49822044a6b08d4470445c7b388a249713e36847731584f211e8c867a2964318681644c4286150362c252bfbdbb83b66cf387c8ba73c6985ab024bb6fecb793c06d89583bcf2e82d646a2a720f4f576d81225e3236a61f366fe368aece41d65b54c21de96be85daf4c6c3038586a6c2e4c8a27c43006c6f47e43920883296187eb33c0858d864b8c498023307dc83ae1d4cc790c479f00e01fc3d13db2a3868b64502b1892e973d899dfbae7baa5ab11e3dc026394411c90c1091484f7064787b9fb572f6b17adfd9fca9e5e7e22ec584540727e37115da293c7644c46966aa7487e39cebd9fa7e41cee2da9b77716eaafca629755f938f1cb2c736714d8af0136fd2f3ff0090f4e59559c76bf978142ca0944fec431da420f9c9af802bc6e882e7e3954499010cda89678c6659e5022f3744e988902e7c3f73a241a421c80bf64fea13fcea8648910809a456c82301ea64d612531d7628819223960c9f12217d8af547dd39806e1fdecf9b11c1ad7d6a4b0a6557c952fe2d4aad4946c48d74433f0816e864309606b5dc2c881d8b882f28884945ae98460a95403b14992b9e94a116ae6954c66b55659982dbf2f88b98adaead8845b82513fb4cb2403b0197ee11829e6263dcbc90c3e0247e297cb0885a423d0a7817eee46c97348a663b3265d0503c7b018c4cc08cc878fa982912198ea2264e19dba5c90752d6085aca42e6cdd75fabecc5b8b1befbc55bb16537e0edd4a86ee82bf30bd8f8986d05a260acad7a8e72683b2b38fb63b0312562c21ee75ca9351cb072d2be73d42d168e919dac9fd71c3b1c7a4555785b4d6eb1b962e1b8ad2adaf2b4eb959aeda39ab23147295acc170982389e844cfa2e2d23998389e5d1f8c7a51b16c824b21707e3fe4f0266582232c81031910e7d400948b0a0a0a67a07300e0a0a49c5dcc647a5c2e46ce412baf77284ce9f116093594b56f370ee75eeec55bb95df5e68bf12466148ca5610b7f575302a704b94d632813768342116d9967102a2c645a2bbc72c168909757ab4cc6194b2bff52f5aacdd4b024a8806030581cd3abad78dcd279316f9444957f20d6c8dca934b3156f4430c88191cc67b0c0f76c0090b7b89c8c7611998ec1e259c82660a54b1380ed325cb8c491c74731da013e39931ea7fd2de6a9d0ebf3793b0ef1b046c08c404245c6867c5ff001f80c6fbf70b054362afc72742d9aebe26f7347332270b42123e58bf8e8b8db58226ad3888a6d2a640390387955afc9f51615cef5a1b1634ec68e5727e99c1ceaba8515a56336ab813606ccdfb372b6ea8b05d59f92cacbc8aa9a9703e275286b31991b35aca3355cc2ad953456b12784431ce91864b00571242be6de0230a4a87b08ae09bdca5310f91188e3320c2222836ca9517b2e02b7b95621d68066e65c54ba4f6dc8d7320372d970f1d8c72595fdb7acce455ed2c15ea3b0a167e6c5de805a72272336a5896b95deba0d23c15c8d0b631d6d22dba66eb9e27a893165503e358fd70d46c6d9bb61eb56a74abc04756e934adacfc61ec52762f2381c985baf5d864ac92fe2331f994b3a4e42ab14284fc8b35961d56b36ea748cea0faaecf2cf761f5c866165dc3cdfc6264b64410750261d71e4302f98025c81180864b2f54516dadbbd59742d70e8543320b6db763546e7d9af51b85ac98aa092365c959af7bc6d51cb7d88d25756d5b89a398c75a395d1b1e3155984a50a5b202dcb81b68ccac5a6b2a5b99110612dc85fc949998f4e5c393f48b5567c8d5420121d8c82b28c5b07e5f665271e035da26bc353791c36b859a917a6adcc6d96c58f9f081ab96337c37914289dd2e2dd4762b2d6a606c29b15e2095ff00e6243b4811c0f09951b3ae03056ae2d419ac965ed57a5847c5a65aa88564b24bae973658183c9597e5969634eea7c05809f2d701130d8f232a9dfb1fc28fd94d7dd97d2765ac755f52b3537f184d335d8e4b1b22b21bcb323b693917583e93366c3685400b4e584d0257998e51d7abf50f0655b5dc70a293cc41b4d69259ba6043634a5b88d3f92f164415a6080e33f43b0ebc415ec5ebae0ba7e226e37276d4e4582f2a864ba15364ec3ed62554efa2cd7f98bf1d29532a324c4bb8f5618293c9e4f91b1ce15d76c35591cb49854f9edb7b048cd47a84b158ac3b16c3b1e35ec3785078651d5488cf8af6205b96f60ecb81c0d3d9d1476ac1fb2b5e9c0ecbe17ae688a9240816a9f249531c67d1994312bae131cd75f1c243d4c98f4a60c96265d7aefa7311fe13a46edec1cbedbb7eb7ee3ddb58b9a77bff0055d99956dd5c921b4a0fac5c2f1e66a96097744422b1a3298ab38eb5919b368aad795ca684ae6b3cd29a77b9b6a6509761d66b5c110018f9567852211c77fdb1ca6c1531e76b7007db5ba2c56b9705615ee0244ed79ac55017dfdac6857c61769c6a6006aba4a599843723b153a5112cbeb11f606f18bd3b15bfed57f75c9fabb77ae28fb1be8b6e4acd6d6ae13b27876d5b18403f1e42bc9104303a03062d332b3a94ec58b0b0080c84922b54ae6e57d78f4599d3f66e46eaf4db5a9bd152d62ecacdf4adfcdf587b232b887542acf665ac455b54195ad24ab79d97eb42a72730ea592972eae3dceb18faea88aec8313ade0021b31f24789c54cb898fcda9c02dd5a55ae652cd97dfc6a7246bc663eb59b390af04692863e46169fe6b14d6e1bbb72e4b134d23f1a0c5421418c88a6b0db8a6c31bb3e6e86b55f74db321ec7ba9c1d69ebfc68c5f5f2e0f5e47d15ebed8d3b5fd5ea64594f5666302ecbe0a22dca152118fac055b0fc4115460e960a189cee39b72d7a13d14edef321aed0c561b7d508f59a2f9fd16bbf26aa35233e93aa1d53d0768f255d86a059afafa988eabc0a0b375fe453492a508a6db98fd764c3a5b11e3be04356a525f8ee6325c62cb0b1715a45af29fc6033b6370bb2ec5e5a2c5dcbf91d896c9458f2444f918da1dfe5d5401c6c062ea4b9af592abca7c3166aaf97b2ba991cfedf475cd7b76ddf39bf648f5caee7e275e65c73355af71392d49572b61959717eb98466402e7af55347dc5e879bcac82add2c863ead6ca4275db045345556be2535d35f19a916d1b0e81aad3d430edb07c7d98713712b0b5769e3e18ca1ae026a1ebabb546eebeec44e04a2fe2d74fc228116af64b868a78e2b77b1b87832ab41e5f269af92da837afc6a88e6b99542e42d4ae4fc43de9e422b51bf96175452c1bd64314f08ae95a1563b0b2b7612a4b97656cdbe5191bafb0e7507b8a14559c130ea59e5aff0027b8652fee396c268766f48e9b4ca13a8aab1d8a225623194fc5bc6b320cc322859adf352caafa28633ed97a659ace5355b4741756f82ab5d16df8c4ac407d1feb21c2886096a4e52889d5db6137e8e328057b18ac68a2e0a44048a129fc322fa68e2bf1b59e4d5f48b130ecc8a198ec0b89987c73a6271f53ca55822a5459f1160cb16ca7dce1629eaa3e59666b87869c58bb53f99563e50778598a54e30ace051a79b149c4586c9e5972daf63f8ef507a2c41acf8b38548d968cd9d832baf253535d13658c6d48b022ae998c6dcb0ac3beaaed8290db389bfae6571f6bf1d35b280e4fb1357c3ee3ab66f4fc8eabb36369b88829002fd55adff92ed18bc6063d58ab24f9f61e65383c0ebd4174753c742c230ee870c4432bda4d6b49c50310c26fc83b35456868b8dbb34f6c261d965d86d6ac588c921530c8b09b2b226262b91b1021585a7fb42b9a9142728bfcad1230c5da36c8d0a44cea8b14d2aed968cba0ba2a8441482a57bfc60832d0afc8626112938130111b0cb758e1b731e776ae268b50daeb59c00f7239863dd2e593175eed5c88cdaa74dc544d5522cf5529d9ac1f627d7b571b72a5ea4b4ac9d9fb7e89f5e16a3ac6539fc8bdb662f58a58baf6379d9b731f822c4704e0aa35acc7d4700a5682ea0d88acad848ecae62d28eb944eee32586d41683aedc2ce3761bcf044d3223897764dab30bc7d66b66ce754e4502bb5e2b4620fe354b91c1a30d11ba2a630a27aaf76cade9332012ed66ddcb9fe45841b6dc86d6723b7633b40915605fc747272e38b3808e2d60cbb9509a88a36c5c02b7075696b892205af22a1f0e47133f0f508035b01362a7b0b4646d5ade4b5bc962367f41fa16969d5429880ee7b5d7aa781d2f2594502eae0295c7dcbb9146365dd63f083510d44a831ea168e4d4f39560c05b56af158b224772f14e2f1486af17748cf2db25a85d7c3279282af9179678961f56e2eb9bce40d7594b2ba7f230ff1b274d42baec6dbeadc903f0e55a695e0f9514ab9a80ce1797cb530b3ba519f1757e46cfb02fdf1a157079c5dc556711747e5f8692fe3a23277af01da1c7c82a2a41baa14f287a009706df110342c8afe38bc882a3df2b0d77d448c8fbb32b9ca38b88a398cfa361dd3d6fad433ddfb1bf25ab633359859b5b42c6b17032c43e54490b0cb1e632d04732670675c8ca46024778272ebb6db6ae08b9daa995991a186b9e6011090d9335e53d3dc4a2db6d4465e82d58d5428ff001eebdf231c5629d54b2cbbac25d1f062ef5b3cfaca60bcf74f2196948ed0e6c8855bc53be5aa816e71f8f1a0baa42a4147c9ad6aa3b9e35934b24d7c12318535da4b182a5d8d2d88ecd4c79480589a8f9acff9940d391c9d78ea9ecd5756a984c5f0ebd97ecbcc6cd6a86b448b1aeea359991462d75aa6770fc53a0e1d94cedf26435de6663cc63a9e62a626480e085952cba4376ab2fc14f99b8e4a86c6201adb7d6bed970d8b2fa86d7b5b93c72ebd4ad8ac73f63d9b2726fc87e199f1b0b0c0c20d96be2dd7f8c0db690af86b0b8cadd135b1993b239495f9b37752a7cd8b4eadec071485b4f75cbd92415887c12a0eca329be2652da85900b15c181d3427b49f03b0c8097202c43f1a8ca35d8ab32df676fc8d5eb7a871f93dbb3decacab2dd4c16216b2c2618addcc062abd274b061b96e02ac5f7525f73b88215234aaa50dfd162652ceac82d50b304b738b1b58dc225449f97f051abdb38bbaa5774d4d95c4ac16024ee48b88230293a5ae21151733bbd2ff2a52a3e1b6bc83f338e63b190d5189e4853723b9a4ea04e6f074d35fa69035e50573d8816c63275a4882e15731a497285f321d5807baf545f9072f0a4b6b1ad8ab44d952bbaa94d83023b1c42af7e8eca42964698ee1b4eb18cff001dd7f68502296252f3a988aaea95b0351c682589166004445d2a050f98aaa9be251008e532c1069bc8bed09249dd5786d5a15463f07daadbdcab1953c3cd98cf6312688de27e26bbebf977930416aee525709466b607bad7e1f1fc50d99ab91050d3a960d03b5d02ad7bf1562f0e0b242ea4b7b2ee5f1eb36861320fcad9c095a6ef3887bad6752a58cd9405a652509a72724988414df884f1d8a589ab85b02e43ff00db2d914b2c41b5f52d1057aab856c3948ab85c3e26ba26b0b196377ac9b7ace129b514fc64aaf4e5c14eb3dab6b12af0d0c7b6e90a892db5da024932b5d295ba9e39b0758c5d36ab2da26887050af5aa66b6585dcc0e2304556e6357048f65b3c1afe2f1e78dd7b4cad666aed59b3eb1d866b63c388f8c829c9e1ecdf8f838d72ac63ec92f2165af004ea44259a1101bc00715353a4c5856aec3ceeb2c09ccdad99e9ca05a4be51dfe36c99e845caaf78bab003432eb029c23ce626258193afc538f6ca4d56c6ea906d4966da56271b4516b37b3e48b1f8b4e5ae5e5d7c7cafaad6aad9c92e14f8f8a467b666df883d6ec8dda85270ab53ff1d0c027800ca63f734ca61ce3306308a272963e16c8f70dda8caa6a8a8a2157b72c2ff0b6af58bd8f3cd57c2d1c4d0f34e6f69c6d04458c9fc4c1dab2386b9882bc5a9db2a879ead76bdbb35df77ac1e407f22563c36698b94ad317356b50b6d5e5b557b15763148b3792b117d890ad568a919eba78a5aede3abbe12c703d784ac2ab763c885584765e413c8b1d32e28acbc84e6d6b53f4a4a672794a35b2316f599ad68280156c7d78a76aa38fc33e339db71406ad39431558c13e9cdf1cd6740303e38d7b5e46575db09b15ada896db24b2f604ad590d66c27e4ce293e355a9475eedbf79a3160ff13aa639d7adef9bb57c63f01ade4738ff00f19c48e375e5ab2186a15fe39228dbc6dd820f1aee853b595bf5a8decbdb6aee55bb63e160e64a8268939dae583ff29c32d0c6576438f63cc1d6c7eaae44d260818587c803618fb6a5be72869004d97cb9197ab3600aeaf1e1536a05166f222eaba8e34a961accac4b6137a2a5310b15e8ebb593712805f4b7cae72095156c44ac4fe422c1bebc91c537a9e96826264c2c022dada871f99af2b8cf656345c181ca8c3b0177cd5b3cb3ab63da47137456ab09cd6cf4b5ac5613056f69cceb98c3c152f3dbfcaead79f86aef2530f3d72bbf1f2b61a6c65aba1f9711630606d0d4d795f87c6c02942b432c639c1fe5fa583257604d63bedf655adae178ab0305ecc6d1913f1a67a905aef134e16a5997577b3bace5396d43d4aef2bd4214359cb05290c23cbf296eb1990b566b0c7170755dc22598f0952a6db82fc6cb5b6bc2700760056ecfb02de33261947d9994f510998b249ef944a72d432988661a35bd95d46d6c36be6d7f60890b6e671f8a0c3d2b3b43f45c5d751aeb242672d8cff33c7a937f5cc7d8b3466f62ac5b1c46d8dc3bb65c6c6c709c90daafaf7cac95d780d8ad88ca3f2edc35362faa4c45bca680368d0d60bdbec62f37589e342b2af5797042ebe389b25545ac6596afba020866fdeaa4c8429c96299077698ddc98e33c2cab336db6b12b94e17055f1e35d8a15c5eb44eaa01d661b69bd6070c5ce94789530c5b6ed7920c88d94d7d63c6016ea586d5ccec97e9dba3987dbb38e62dd47629ae1661412dc72a4eb7b1689bdfb0732eb5bc86270b85f5b67ac64dfb1ec48a743e4bfe56b7b226a61d8c0e00cf8916ab085563eed4bbba6c58cb36b52a49557ca5880afa3a5836dedf054d0e5166c602eb6ad4a99f84dcd9323192cd55a0dfc62a269a91746ea2ba19097c0ab2a93294dcaf0419dc5326be9d76f02ec50878e3ea32cdbcfe3dae4d5aada715ae45fa0475d7597934a1b88b2164915478eddb50d43d6ad958011917adad631bc86be4aba5c35ec3f10da59b0755cf6146d3b1d4e6915024886e55826118e9914dc1586db62b5abb98bd2e46a58d5d966b589ab80c66e7724a3b5ff008ab154e1f54b072aca57fe362622229a0a3d8d4709e6d16e5e2d5330db73474a081c6ed876d18bd1de438ac154a858fc90be1b5d8e7ecb47ce34f267069c02aa56b3e51e192a95d8d4844537ad6b3c8d554b313452162b8d717e3cf8e58cda476a9e365a84aabd7b12d1a8954b296be073599e7e3ecea541d5749260e2a4a182a97990c4ba0e008b61ae4b1a567200cc691ca6c108baa3ec27ad8720df8b90cb4c63e72374a339621c362bdac8e674fc56031cf7d74f8b6b12b1d7e3b1bf8dffda0008010300010500ac033063266a5814b461670b383351f335febc7b01ae08971e3ac23cba47199607335709231292e01136ff00431fd0be30cac155dbd2d411d48ae49233cddc18de21c657052e0edd0a262b3161c523c11c2006b84b24d4a8809898740753113d480456e2a81547196ae662261b2de04d58ac48c4193e3115c0b8544988852ca44c0024162626b098fd3cd5c8654023d910203e6836a8458671fbe0e22648f87f10f55d5dc426005313e43e1c52b8e4e823323298b0692062e0a56bec805729ae47d8e239a84a626460ca0625cc6c176ef04f682d65c8a1b300b993eab94c326025b29898b0b8029832328fe0ed240a25a10d933e97305d7792670361b23bc189c30b940c84c0d782541ad7221227d38baefddeb8fe18112681414884f981260d211869ac8986e9918e1e28113af1c86127c1de3efd2b974453de7c44f31821e10cea2c9125627e358ae4e1904522212e890990ae3d3551dac71160877acb8e5d004902c7f550f1e9c321252066e885c9c2db07faad65faa5ac8ea624a427bcb5460503210f9218698c1b3b12ff0093bd79880219190e124fec2d8edd2a4c038979879890844489493dcbf0b1931064022935c48f80614d1881ac2b996c8f90193e7b22b032382794cf7edfb397309548456822862d90713d8cc640ff00489641888c40750c691bdb2028f3101cb56aae722b6b225853012d12399103e88605224e80ade3938298952bb9da230b0d2293b652c87c84742c058081002d23c045cdea205b2cee0d84b7b526c908f3234b3f7cc4c9897636993646066248e56512000244c85cc7558f9f41207d44c0191cc35fc7c86b1e13c4951e294cd6642a856271c60f390babac6698c5e919e6da47d74cddcc4edbeb3dc353b055a4260788c4f620106f4c0e461ca459303d088c9bc46063b4afc644246ce2aedc83884260200e6219e311374494f33e02527011d2827bf69e6a988e9c2025e598bd548d75c2249a982938fdcc9938171487443de7c9d9331122b1270481c4876f244c148c08bed071922228640099c81856ac67d693eabcf6db92d13d11a7e0c9deb3d5b11d1687ad7c89d3706b5564cd15e5351c765ab6d9f59f47c9b331f5473904cfac1953aa8fabdb25946c5e89def5c558c45ea4c6017903941d9ed333d808bb4ac92502812edcc42543e4898e33fa71680c033f684802d510510313e3882ea1acf2588929958fc94948928060aaccf2199f2a647bba481eb8e0c69048f8e382d4441da6411c658b886352ce4e782e180a09ea4392e9e16c5e2f53fa510cbb83a3af62eb5782b6dced44d9c75065faeeb3f313152b92b1cc0e69ae11614ea916d57f178f6d32b12cb375b43327bb7afb5fd90bd9fe97cce9eb62985d58f1819718e864613dff004476608c1031307cce44a7b1893059067104e73464247b0ac983303c0c3ffb0c0593bf6fc9ac4b8e8019e4a5324c84cc75c942d7aa260a404e4e4c590c30499b163fb8d7dcc8047af1f32305acf1b8eb97ef633d039c2a1aafa7b0984ab52a58c5d24571c0cd6657bb72aaa6aaf5b3b2ecc5bb1502d83d3390b84ea8761ea5a8198dbf7db36de0afc9165dcf7d5c8e430e8b8ec961f1d9ba7eded3d7a66f0c1e72ce2510632b892984f1159b0a206541d3e025f326a63d911d37b80087254c14f49ff509991ae240f691932397c6afdba16f762a6566df30c9f63390e24c95919c914b3b408c94a3f4e75e20dab220e84b9456a8fbccf42faad77059ada048ea4cb6e628bc678d18c8e2a229aee1d96ab5a9ae95b2ad7bd5ebe50d005da1a161575af28559905b6a5258936f52394d5818cb5b47c8cdfd87f5c7e6b1f6ebca064a0a07b88cc770aa1c2c17ed95cf6970f674c41cb99dc460592a558337b0244488048e6046224d87101c8be45598850b23989173296b88a0d6446c60c811f42022b039e2b5f63928545691338e6258dc7b32177d73ea328c56271d8ac6a1d5d962bb9f731f530d6a864e2a26fd62ca54ba83af79c85d6436d32fa9e97317f14d96b9e3ecddf859975a0bcd5582af934e5fc75d37ee5593b3648518c556c9951476fb13eb52d5f38623cb84f5c1462b1549b15dfaed264631e48e25d327b90f11102695664f3e900b3ea63f627c40c7f1e7273f2aa84b0bfd9150bbb8bb720299634a008e7b0c09786583c5450c5f6998ad3ce483817a2b497e63318faf54abe3ac05135f94179ac70dcb5215e2bf8f1ac7ba6f63918b522d32d641ccac2aa89ab6afaefce63e4e5e668fe419525a290c5641559f50a99c526ca6902d677ea268b9ec5d60fb2f51ecd00e257d32478c8cf10e5dd62020b12922829e8bc7c5a3da24cc3a282803958823908b2066171dfae031d7913e6a332c25735907159978444cc888a6442256c267ef03642d6b31604c944ad64c6d3053ed7ad70faf63307976ce472ec75b34be2e554dccb5682bf9126d51af0ba3e23c5be8b9756bd2c85a5d8cca582ab1c86e4e3ae64a695435d99a762e456c4826246a857c762685714d1f933141634fb0d41dbf4c0dc75fde30b5b0fb300c78603b8ae4a0600a244a42088da64a923617986618a95f1701aa0e531333298f22ce0a5f23df9afcd50a23a5419aaa444113380198931d03dd6053d58787631502120c8497188af202e034858f558227d7a8ab914e329aaea54329b55e1c4bb18cc2c5f604d44a11f1eea6ed5fc9d0a537ae0f8f959b188b1937dbab6d359a34afdcac825bb27422a31eb6020a848b2a32ba69253f9407059ad5f3352cda6fd8af59dfc1ec110c1e9800241106301dce0c9b25fb3a3960add3d9a447123dc83f7afaacb288e233d2c88bab87271cd1cd050509221e817050d2e3d4c933a790cae3844c44020570e5579794f939c55295b75ac4b32b9bd2e83f19ad5a0f0d47a47224ccbb653b0040d5a95ead2a992a94ab525d127e231355e9450a558c84061b6d09b46cb876a815458f4a5da7c9e278a228bea1b297e49a58eb3e63d7edacdf902a137481ecdb35fc667315bae1c75fcfb8a0fa4f139880598c930df2652452ce8a4f840ae153252a61cf3548182cca4bb929aded0def1e7a9104b01884f7386941134e658c6b267a3ec4a0e46a1854484cb07c7c813c0e7ebbe3fe66ef6e8db4515d226b13580280271cca2f4b904dbff0138eb0a6d7fc465de78ad4b22eaecd2bc2a9d62fe3ba56aa76017a3e5edd34fa9ad4163fd5e95d657ada992ad7aaa813abfa5e8d605fadb5e85ec3eb9c22d5b9e9569519ec7beae3148c62e7ec36ae789dd1896074311e55899f4b672881e0c827f2b2ce52c023ea4fc89efc8c3892c0464501250c7089cf8be56347909cf11122023741c4900b0a3c603211073cd0702b2819899e6055827cdf53f5b5dfb274bcf5db4c0c6aaed310ead51484e26adb71e1dcaabaafa361a8c4681a7e01683d7100fadaee59ccc3d052b198dc339794bf4e88e3b675b1039b963ef65fe3157ce2cfa1cbfc494da6933cc928bd8144b3db3eb9a1af0b0595ddf64b521cae15c5302b8ef251fa27c45d1c4c4c72eed38989381198ff008a5feaa9ed3cb90870e8f918f69f934020823f400e6d7360592d860948cac1850310064b64844576ac50663dc0a40feab52c86335ac4d645900a76a8b134645985d0f25900c6e938ca1659a0e3aa03332ca6395d92dbada33f660a364b1d2f67b21d56d9ad2a2ee76db62b65da335f34d5d82cac5985b990ca5920f2d6b87e1138f1a1e051ec5c652d930592d72ad0bdbde268dfd773295ab28848b6478f65790a4c7f9880a66c8849b7871ae1dd4d892250048cc1cf41cc8a4ca4799fc8a84c82f300284860db060c21e50de10892985b227c330f852f90c0119ad45e467d6a2af77d7f82d571ea2cb69d5f187ab7ab022d2eb57c774bc8b52196bc16957adb0a3210c2296b146bb3fa8c98c8bc9506c921236c4af8482dbc1958c7bd45804d47142d5dc25354cc5a99257b87566d36666952763769482b3ebee51dc9652a351f7f2746d10279c2ba806ae226404667b203974c594442ca49ab38eb90fcaa3dcd233c5405e51364009319cbbfe87c845852bad044455e402608942b74c33ea8d0acdd6b4ed3935897ada5b71ab80862eb92dd72a00662c77269b04ac930a08488880a182451d7ca889264f148f704b4182977eb8e1822a413035e78758f776951c792bb6059b96b553609f66e18f0e5b48186c293e463e396c14975ca0a26187d4f73135710289880215b553faf79e40530561a4b9e0536f1ceee2d211771036592591141cc3b9c44fe85321084b1707111e1fd24133dcbe997c8c96adabeb72bae32ab4db42091ca3788f93bc5e19b13605663692303e31818e5306d9881e4332f0913b50b84148f54c3f751992ea81447480088e0159727260b70c4d8362e7deb492946d93c361ad3d0f3e6b3e2670a9530a7ab313de7fed131c613fbc463f5e63243132eaf45f907f967e75213e2c2813018063b9949477372ccebf780161f1a665d80247b19c0ca0625df489353fc3f5c522d84d44ad3911e53945c1835462965194d0b286895813297be665a67ca4e4461e44213332c8ee4045daa3884a8bce1949954422e02467254c447bcf4b6c289dda53f65a62752cf731cd5788f201c2e17ca4cd263d198c38c7f435749089587983a448cc76992ec1160cec20ffeaa4246eed3e4430a0e59e37344c058b852663b812bb417fa238a880c3c8aeed77d0cce57b75351985d269c1a724c14965b214288653d878fa627be9b8eeec7484f1fb2e06f5f5ea957316725a7de43df889597c4323654f0c9556c963302db47474c893cd65357d782dfb57cf6c7d897f3b16327b1c98e7b60a15b50da157045ca28fb6f72de2742bad63ec8a79048cc976f111f26c18cc15815c9cb660133dc04c67a5144114874b3029b5cc99e39e74fb4894f76b20bcec8e051c8187d8a59042513e4090e06a9391991ed5fbc3be8e67415b9695725b8b7db15ab2359af4ec093ce512d06e78eafaeabfc977acf2759b5b56cf62ac6b37729407115c33352fe0540db78210646098db2bd7e1e583c29570de2e1e3a9653137ae3f51f49e4f3cac6fabe961596f12f429f8b0e58fd0f1b472b2a05cfddabb27eb492989510910911173263279474e60f2912919381219eebe45d571fdc0c85c494f377ec8f3479281990b65644012504322d594b1ce2e4464623226550bbf8d6122b5c8b431d8dcde6ac7abad6d1ea7f60fa92ed7c8eb421c87e5c22942ea4486306fc9ea981c79e5b3953196b1a93cb5776ad8e91552a95e2efc7add6c7771cc5a2cd686e1eb576330d875105dc3e35477e71c8b8ddf7198cb38ef65d12b6ac9e2b335b2d8dabdd2a5cb0e5ac0fb17eb8dafdc8a7ff54b807eb99ed7b31a8e7c0e3a1efc8cc4464d9e46891c49409479014c235ad42b13517360772336c1afc71f2318aec07cfcc93693db326e22816cf84c620a55dc855233115d8be3c9705fd4ae93ebad9319bbfac3d73b45ad47074f4fcaae40baca6547c61758e66b876935772ddd3aed5ce6d7b3e7f03aa6dbbcab5ef5b7b1abedb166fd6a619acd63b295736e78d7ad6ec32ee9ab2b6abb9fa981a35ecbb2c8f626ed92cd662f7afb20fd8b2c1146f6b09d91d4f2f5d3016ac0c92185cb138a9ab99b3b450d5b4df6b6d93bdfb4c64bb8010b0a15d413885ac934972925ae38014f4a2ec4b0fd54c05bed0494f30f99447b44cf09871435f23d9d1e4222e106c9f1ca4c95205c5505ce63b1ff005f9ecbb5a1fbf159aa76f1966821f614f57833767b3a8df4a6c63b755d946dfae6333f8a1d5f29a80ff8e6c9b35cc1ea18ed5a866b75bb6aaeb699ab533852b5d55405cd1ad420760ab177163b1e6f179066b9736f4d2f5ddfac747d7388c55bb790a75a8d8dadaee95785ef4904d6bf29a68f63c17fea9bac38cb1fee3111065a3899390936ff002c42ff006a86446267a43040b92d62c202e9a5c47bafe552885314202d43186644706333d8805421262b3e60b64303a49768919e5a46d56f4ddcfd67b72f6ef5c6878d66c78cee601b1044f562c1adaaccb13d627d82da4a6fb2302627edaa358b39bfe672f18f6ab88e458ba5625efeabe31a2dc319a213949750dbe9aec5dc6dabd8e3adb95faca9dfacf1bf9cb3688727d994592d1a5de6bec38c1aebdf33d8cc0faab29643239c99e27d88d8c32116c9917739893e00898f0cc4c920b84cc11140811118b838cf3c711ac99da191c59d39911d0fe8d364f2818e3e51f034a5521c47a6417701838fa6fb62b60fafbe9862d58b3a8e433604f68ca0cc32d14c413a420dc506105043666670f10f7c49360e06bd555b5a670ae5bfa52e44730c98b2c289e9b6e4826cf381b3fc490336604525d559085e7ea31d83fbefb33f54facca9833ef31d72e0569ab829829921e2104632624b58cb07a108e422c1e952c326afc7d773f2e215c16f9fde999912e5245062cf0882a259e398294c1147499e5d2bb42c17301fd716e14335a0fafb106ed75242d66c211f1b2c05e5b482ef639c3c8e63a71348a23f6e12214cc7a399652ffef764190dd6b246b662dff293b7548475d8444ca23a189f2febdd01fbb06a3516355e4eae152a78cfed5b6eb15b1293edd04172120992e24e30918f1180b08816a0885833f951313d0094749881734c67aedfcf8e7724c949984790dc50264b88281228838e2527e18322849447473130afdc7f4ebdb67ea2f776bdb259c257cb656b66adec81d832f5562cb90c11b2810e99c6067bcf425133adac8ee5d6aead1cb5c9e1174e1980b45df5abf027ba10daacdb1327e409580c4456ae2f8c7d061150aa424853066ee4cd173ef47b5cbd9fef809282ed1c8e260cc7a7444add224303022a261139b0054d4deeb80230ed26e50ac7feac78a8bae0ce50070e6484304e467c85e36893224266a94842c4d2d023e249efe469706fd11f76c7b1bd5d4edcca760544a3269232b29118b431cdcb992f17696198c69fdc9c742f649f91c243c0b07c7ac1e02c342a626c50af9f963f1572b4aa6b0c49d65798e9abb2e9545f3a95647a9ee90f74e56719eb4c9dbb373215e643a6b09702b999329989398899ee12051d2667b9c81f4122b09f1cb7b72222911f2473a70d19e5d148ac9c6a8e971333e3880122132190aea1f31848b08a0795582879a844ff00af5f6be37d6ded4a990b93d197e529e57182b3bb56022ea23bd918eddbb4c2e191aab868d8c46e1af8ebbf97d6ab5d5faee38e3b1186c563b17530a94ee338734e4b1ca395d020651a2d01a359bdb1f526053131d7d88fb2daafa057f68fef757f67ea8bec300a18398e445ff6ca4f83561dcff8420a3c7fbc55301035e4986c0ed20330c232efdcf963e4896c5c4888c2ba398f34910b0f9407f342e3fd824c742e09af0888655f247462b3e9460a3afef6f67271ff005f77646f3eb0c92f9759457665e1223b35a7b2f1c470ac23866b6369d40c7e4e50dca7c9b392b19acb54c5616fe64e03296440ec8594b7091e28c11c00d6218aa835c561582b9c2a3fb49d91f7b6fadc787fac24048e4647a1896131a24b8891e9d26c59c40a962515f9411a8a25847251220a414ccbbb072c74415661488aff007c3e572d982f230a3b43a024798d782228afde6623b350c39233983ffe277358ff005dbb256cd7d72c93a53195e46566bb0fa1c695d38c705590c7948597827aaf4f24431433352c45f5ba9af199175a662b3869557302655011169d5194f98ab044104140d8315cff00613b2fe73ec42e6001930b3af30263c4604a49923c42239cc909c726a0561dc27b7430df30190c308bc973808f32ef4912158c3f6ab8b0dfd98c7094170618b97290167000253038f8583130c89219777971177881238feb0fd9115360b842d5d88992708754d0b53f158cf977eafaf9445434cf5f60a158cc05e5afd7f8aba51eaac32a9bfd6f8c5c53c5eb3850bacc0dcab635bd7ed9641b854bfb8f432d185b267ab2f557a7f67f6aff0036f7e2c6405a12c2ae2883109612944c36d771a9a1c2021ad5493201866b32ef2759ddfaef3c666020880fae23e441432608e0a1824e3fdb313c879f6511c0c44042fc312080086190c4a467ced9986108b24bb92beb6fb1cbd5fee6c464a8e671d62a113181106fef1d5bcc5c5370dec4cf549ff3f3b516b376254edb33550abfb1b655455ddb65c81c5e7c8e3f665d22d8f6fb16268a982d431822883287a4655f6377ec7facfd2b7ee3ef5a494c9769592cbc65252cea24b999302046665c33e16c98a4226593da050468e8a464242460ff008e782b955354b1bce40a7c84d238380212fd91d1c7f0c4f8d23ca1600a2eb92fc9126165b21e59218613000267c4efa0df6128fb1344b559a3274a4db7a91c45caf22cab4e4caba7c00075dc6dd7f0363a46abac8b8301afd50692e160a2674cc789be2a0f35a47a5af8a180465fd94fbbe9e62f9c0c8f026b88a00d6c917118308278158ed06d694493026bf338427c7092921eb98991ae666193116648238cf58d964576c8f9424e0da41097f60e9bc7c83c881712b5471f1a0a2570b93958716bbb49428e1ac915abbc33af59fb1f3deaed9fd0bedec6fbe7d74ea4901cc62055191c68c9124c0ac38c3a9ccca4e768789273d68dc9d86f39c8ced9124e50bc35ee79ba85032ba8c445bccfafb79efaa7e82d0f3396b99abec54c260e67a2281eabc9f9c60d5d0f1832191132ef123ff1cc0141524449b1332a9f19c7636023b35e7c8b97f3d28103681981484b1ac6831a4e3858b2571122aeccf1487f1a48a0ff00d661850c6c49358c08744cac4d84b807492bfa94c855c97ac87182939a710391aa4716d1c4b2082292c64474f7a2ba7e4acc31d743855a60d58d59e694f13a76057d02a1a734caaa7fb5da175d89698ca79c704891490ad8684c40f898732310e5f270b4e64c67c6a6177e826619c0e7aa86ce713027fb87af1002ff008fcd5900a6c1cc1f7e267faf503dc44d91d1c41488f7520d9d96a3effb818042b326f32edfbbcbdd0d2864738f1ff4f8c5861f224df1824a5997471664d0224eaf2c1b0b7c2d98c6d929c05883561d8b6d516d68580c4579012a09338a1496aead57308fb93a863364d0f79d5eeea59c6041478e486661808ed0d68ccf4530106b81592d430d8804c73199efe53913241321a63dc98404c67edeb8af90f01b04a9191281634cbc87d8ccb8f226c010cc856ffe315ae1a705cc780b5cc10926242424094d3881a959d7dbfd676b6ad2b5fc818993dd12c72c5a9bb886b7ab94e465b8e688aa9ca0d689626b55861fc762dc341cf8c5ebe46ec76040ba911ac1264c9fb0549cdd47ec2eb5ff003f943003b088c890a80a1ac09939219270b7aed27d71e405e6295309931fa345b212724c92933872ff005ee3ce81891cd926cc81349a08afd7709214ac7a1fe61ae226b60f8a1733e4890960914b0a4c8992652ced02c1890f44eb639cd9fea562ead7a990771458b6b16aed8b656a5daaf94c4288acd22834607e602750692875934d95e3d89b55eabdce4e2c5724d5d7ea1d0c603cccfec4f34e9fefac2be6362c4fc0b50b210281084c09309622c99e33c2617c7f71c445701232471836f153c3f95c7de08a621d6242238077a852aebf486c70e72be9e32e89e2224b50c08c7899c8e54d0361c8cb60856d64c9b1c424e64cb26bacdc5f597044796fab18e625d94fe0eacb89668c84c1e3f284c8c8598684318a23d8631cba1b7e3a2bd5d843b8c8dc2585729bb665756c58ef152c49f588af59f63edbda42307b3e42964b0fb262ea4d8c76a589d931b9ad31d53a9a855ac30e61aceebe98aee023d1ccae22660a3c5d8bb741052e633f71141b200a47bff26249bf164639028e59612c216701ea26494632431c242096c1ae2f0362b8180cf174f322eddb0dadcdb99c57e32e7d7ec8ab1763eaf5853b279fa84f4650854f8b7289ab97254d6cbadbd22d2dacdc718768312fc928f5f3617417974cab64cda569e466eb05dd36a56dd6c550bfba9b157af1be15e1564338c6d1f586c122ddce90e2ef2ecd07d9ceea9552c6e2efa25f2423102506312071e598812ea3b1f4be3cd9df99766932257d7ede00b01b222b13fde513fc9d47192f24f8bb775d69204a3c667245064450d5f7474c73ac1eb9845dc5dc0b187c68dbbf71febcc7950a3f5933074ae6738b2be768cc1d809823b310552f4afaaf68e3aaad5594ab4d03b014871ea6344cf1f2c165f7f8c6c5ae6bc53bc8ac3ccd7c57df1dbcddec4ce35e752e1a0ec69f447f23ba76cd064f1d679e385f71cda220abb83ab68b2387b552c4c1f10900058c87431fcea38064c4f99a2424fede5985f0196cdd21951c941892e40c24a09a265106a852b84a83c93d2e605d8bc4bb227771b8bac494a94fc10c34f6e410d7c52be2e4b1db31dcd87eb2665f5efa1cab9473b4c61d95aa60eb0af09299c5b56c4cf55323c26a6ccd495acd72375d9ef8bb13c6f5c93648134b14b1eb27969c66b5f62b68a9bfed1980b6ac3e2302db48af72be1a71b68729a7dea42215b18c5bec51905da5b7c4c685d0ce6b893a56712e2ea2958434e049caeec228826b20466c8c08719f1a641563f783153264d91e9b05d4178d2991394c41c42c57d63f12cc9d81a976bb6ae09f62311a239eb4d44500dc450bb2949cf55f39731392f476d8cc51fadb274aeeaf94413873d8fe4dbb4e7c7f14c1895c2d4761de4ad62d318072f34d5371a3ba5127dcebd71e342b00b3ecbef95f41f506c56af64ed5d1b5515ad6471ff8fcbd6a3913f57551b588b78c6058b959d58eb8c5aeb2faedb09652b955ac279a6167e52685b55dc6120c4c9567830d90413d13219d73fdd54a3ca67053fea4e11edc0cd8315a48e223a4e2f22eab570fd6129d9a873aebdf65f81a95309632761118faf2ceb7671c6c2faa84e38eab1b3ea6b96aaa3eac6f7f9ac164eab16594c60327218a34f56113e46134c975f9956a4c1556ac081a2a9937141a908fdf56b0c749901b9fd81ec334f13ec0c83e72b65637ab4b8b18fc7a66c47a8ac9613299fca24f2570e5d6a9b5b5724daacbeaced0800a781ae4bcbe0887a4e32098fc78126700172fdcc63eade6aa60782c039473c742cdc6302d92ee72d72ca24166496456d427075e9d8ced8b7568e3dce3d669fc8655ab57e7ec0843f1a51365b83982abb626dab2eec99bcb52c7d69c5fadb611ad6fea56e34f05ec3c8291662e091465a94105da070514243a4d1999a54f9c163ebc0d898ae4e233656985b13e15a06e943fefee730e795d968b733631376f53ad646bdc56241b695a6fc34e57349f25c085932fa1c1d61b26c686c71171756a88e3972a1ad671749dd3906a20bec33b2b873684633354f275a6abfe427c40b355e713398c4f31212b15a8ad9d50c132da6ce2175d582c3ae1e14a9d746bd5052ea96d9199d8f347456992b8589a9f2159db4cb2baf5621e5b141603d53a86d99c7faef2590d7769f5ded54b63d2aeca81ed18745f10221ae6de82bf01a8b9112f2489a8a3ab07d994609e68009566ed54147d8dd93ff61edda87ae703a9eb9b5fa0f56d92b6d5f5e36cc052552b1897d4cdb31f6f2763e5caec70b4e3f2ca9cea5d61afa6e54ad454d6e4ed31361f725b702941d87e1d30bc960805b6a8151b793413eac2d322e60c651853c35fc1653397034075353ab0aec61306b8a8dc6af9d340fe26d582a34f4cc922cd90218cae74fc8ec5d04541b16bf19a95f7b1958310d14fadfd6d93de6e683aee3358c0ef9a9ae1bf597def590bbbb81d83a1b1a6f466cc16413c4170332a85c39ee4c15ebeaf1b6e0cce08d6f764afaaa56fb11ef22c475eadc656b5b9d0d83cf7cf2ab8a9391a9653edaf58e2eed3ca01827015d973117c3c170f201ceb432d2f1d0fa734dc76032558ab3e93d962ea58363a60c14b542086d655d65bd6108a9f855f931a0592bcec4a09b8673f0aab59acde57ac4e2852cc7590124566195c4c8065ca195f43861e70b92322ced2db59bad2ecb5a866ab9396a59ad6ad95db19a06b58bd235e3cdb70aa767ea4d51c5dac7dcc2fd8cdff0052c969ff006a175470bee3d636aaf89cc7cb863d82a9bef50bf2ed203c94d79b79cec3ae6695f1bdefef6a3ebac3e5f67ceecf97d15b6ad51c7a8ebc865ec4d89cfa45b7f281615ecdd2ed3dfebc6b6ad8d9dd2db87c561ae8f1492ebcdaf94237b3a9992652f86dc5d9223b4428aee7390b6d70a900eaecc3cd61f9867469e5a950658756d78e4a9e2114e3329994e11ef18965aa9532a6c6a1f61b72b6af580f3bf8d3b7732354e963e5eaf914eb959c751d172bb5e5f4bd470debeacfccad96335954b7a9c8d827e27650a398c97e1ac63b61ca59c3ba96f962be57d2feff00454b745d5f294735666832c6ce25d2720cb139696ae1db146b582f646eb99f61e68e8c5ca1eb2ade5c1aac2842d5e5aec3f37e423cdd92615b2bcacbf970bb56403901a81f3aaa567391311ca66a58bb596030a99bf0c26a5a6527b1a2f0553053f23d8526e91a73603e2e4b020dd8eb62429da8b074ada3347725ce09c8e2b1ec8b968645d9391f878f42e6b63a9cd6a69c840058bd56cd6b222ab186073319a3e34757a393d864151b0838ac67bc36599455d67e48ab8e23610657cf83ad5fb38b0ab7c2c7c68fa75eefa9b462b71c7abc373184b3c5f8d039770997d82f68c6416dccc2df8bc9bbf21a2b2c51bc16abd74655b254c6c33e35374431d7dd4a2ee59f97b959d07d5ba8201a8cb5566ca265d96a86e75dc94599b8f2b86a1693e85b9a72790882c97658642b7c7ab1757d326bd7b8ca86feac612cc8225a87b4d28b7565a4466eb1672af69d3c41941059ae38ad89df19b176c829b8f3586bb72a2307436a75a7e6a382aff648fce71c0653c825722cf4978393179b94c664909b8b7626c55a7ebbdaf33a0ee38dde29ee7ad646da860ef130bda9b84687a758ce58d88f2c83a8cf5d601b9bcc5e35a33cd6014e5488a9adb302b7ac6e6cce8788b6c36cd57b956e4d4d0d5540791b366bd3cbecd22588beff0032631de1505195814932ddda7356c5b5b2c33329f92e8c587e16f963a33d0e0a4562f4e40724baf68ad84c5d53ac525d2ca1a1d939794261951b845b9f4b71eff35dc4a6d08c54ab766a54c2e49df2b2f78d962f14e429cbce149e0f454352931daadd4dff008d91c9d017acf31335e1b4dcbfae5eccb390a77685d2754a08ab57ecb7b42aee1b76ba80289d2b23b866b2e8c5e8d8bd5df72f2b9713ce58195db6d41659e09b4eaf91cc59bda8f8d16258921ba6b9d317056b396262ddeb6dbfade2aa45d6e401230ba9f2e174c1f733d58a8d6d75a36ac331ab7cfe6ab7e67378ca4ab23cdefe30c000acb5ae95578df884abc335d5579b75ccf58ac38ad5660351d8886f3e2414dcae55c357096196595950d3cbb4a2be12e9932dd08912838bb51c4a3a8f0b48af64902bcdaf19d6d486d76d0cbb04f40dd1bad67537f1797d7fec87d8dc9ef36d6b71dcd435eb0ba56771c3e1916272bb11ab8d5c73b2f35e727b1932448dd6334e34bb0d623c197cd1a902cf2be049afd11c0ab17f22362e01a998ac0d394af2edb3dd37aca87149863f768200d12b380ad97e393f8cbbf2b1a444db89751bb8e4f9a32ceb2dc87f21c664bc89f8e93c752c9a835aca1464acaf951d26b624b2d6f3daa8d53c9adab1d71cb2b75d70ca9b3dc10a581636cddc9b16b8cb1285b6de60dc5645626e00603423215afdb1b585c60813b168ad5ec6dfef2bb89faf580c05acb64a6d61f5866b3a3eebb859c4fa9f5549ec776962ef5414953db0fe0957316ba84588b39e89707c89af66c3e2d752816753550b67af99421c4a8fcae2ed4aaf50512bacc560e9c4c5d9c360528a7b9021fd6b75051af3dc7967cdd5fe6718b693eb25170c56555b96abdec67e91231f5d7366b9799385c3802b5dc22a6d372c82afa6e35cec5ce672d3699979536cd752fcb5f32baa3b012ed54c745c43f370caf8db366db6cdfaa52a4c425d5f20899a5684ec6631917497af5ca9382d7db6ef16bb7b64b7b16742952f57fadabe052dcd117595cd9d4a191ccc5ac860737033ec5345c45144f2aee528b3f5e22b58fe1b02d036a854c8c823c6bd1095f3ed566a2da2c313916d2b151d90e6fb08a366ce72c7961596632cbf6dc97e371544831787fcdb7f259df18ec2d502df8db8feaad55399b3ac2707852ed513866b719671f671b82c5565155e4a7e8ce078d0ce35b138f83b60cc61ad94bb795d50edd5451529d987b5b4caa41f4a7c9d6603576d6d303acc653b7f9062135f2b403af5be9598db6efb5f268d331beb7c2a51632f94b23192beda28d9f22f98b22b557c078d95726b6366bd260857124b321625adbb13f2a1a3e1c35a5bab65eb2194f4d77c6c85fb26b7632b05bc8ec10d52b317a62de1927f92d867c34198a131cda5079cbefbcf4ff85d8fc01e46c5acafc37bbaa7913a37a2a2aac385771085595b576595f0d946f27d74fc2a824f4ea5690c761f303109c148c53cccac6ae2d84cb3494cb1897f965d4a3926530b6d3aa52b31636cbb1e47d50a8d2aed02ae9af8cb4dc9b73b90d2f54cfe4ed6c9b16af602d66320a6d7b56d84d2d82c58b36723c84f0f65422caa22a99ae084d8138b104f8c6603fe3e635a5a3a1b255e695a8bd5f1556519adb6da974b54c8a0ace68a5387cade5b2cea840799dca246cece88aa8557275ba18456251e4778ecd78b367130e887d08b31aa3977f0ecb0a759cbe19952ec492693d217735b256488deb20ec16652d561b269694d2b4080cddb079699421cd218ab8d471b2ad781bdf62a0ba790a360bc87449d663164b4d7ba9b3d5d149ce170c9fc866f36a9c5c59200d22e41ec19b593caeb5846fbaaf9997b112785e48a6fc830abdbb4dbc14d1c3a8903b6ccb216591cbb99195a935a3056bc6c5a6443362a2afaa25619cbee37e332326593d05cd5e66caa32db1ee471d6b9879a679acf008ffe5fab55fe067070f33d5a93ad605114a94d13166c50d7d43277e3dec4d7ca6c561068cc794f15b27f148ea80fc7ba8422ee5c466de958bac9c6be9583a51d9438425fc8dc122ab30123d635f1dec0aa1635155ed26b72385c22e6d363ff0003add75e46fb6a271562cdd7e4832d8f95a6ccf7b24f989d63015ade3368a474ce8c3226ba1fd5f2f2bfcef536ca058fbd47e5228a5b49f52dc954c4f7c961c31aca162bb0bc792a7caf7adaab4b26a4fc5bacc29ec398cde57c88c56bd69fd78297e4b31159f9bc55f5d73daf1f6df7705759771f8db08aafc8e30df49916628daf90cb1b158269e4a9a435dd8c0e71cfbed0a792b0a5d39a716adde6c63292b3cb7a3e3cdab6a512276db6e7a2625d159b6e6d526cd8ab7e4eb29b908af5b1160ef37d8b67e35bc2dd754b553381958f9a87ddccbd95a9da89237bff00e4e8db05a81dc052cc863859deab2b3033212fad62bae0b140a865c6549975794318011534b545ac6ec98f58c52cc58f35cade7ebd738d643ae2e09db43eb63e96a5ac4bc363d8a853a9f92c8cdfcca0b11b09b6bd6aff009496a02b8d2b3daa64554fc3731d8da552d524d041dbcc3be45c9caaacb33435ad63b390d431d6e5e5ae60e5d7f6784c101cc0d24b552f7d621cb0b6cd0a8b59bd2935758e72a57208b2bb9ae5c645450006c1e5bb9a9a9084e1eb9408d9654667363264b9c36dd65650ad699e076451391e8abb2b0d4b3f1c25cd621f49b1341a216f29756cb59142c922bf974fd7d751239241580c9639d46eeb66e75ac04fc413995754710fcd6432d95a384eb20e75db5f13ff001d99ac591cb2d4eb35f0556c01d1baec43528f056402149acc656a74f26c7e43252d3b07ff00d9b22d1c5ee710abd5eaaec3b4ea6d4b73abb376d5967896cc8a8e1d608ca120d0ab15d77ee3e7c94dae3563ad422b3f3f54aa3ac3ab50c6d574cda2987637c2a4ecd55745791b5256a9d764aefd66046b9e0659b754175b2d6932893281c7f6b161181800c9e3671af655f28ca6cc3ebd032ab87b76a8e568dfb2c4ec38545f8d7a84558c33510ea9866e55997b038fafb0dfb12eb592b4f5f8ec7f8d1bad63f396915ec2a910d49b5884da56b9967d19452c5a6ae69d62118d7326dd918a28cb6446c3ed59ae78cde801996c6ccae756714d0b2a6b66ed64f741cdbcb99b22ee4a0518f2b055eca661eca98e7928adf37515587cdfbe3570d4ae7e990c836a8e2b32b9b59aca2f2057c196194169a55f62bea356aec734b219ef057b37596420deb1d7496bb988b4cb6ddb9c4590a96840eae0eb585952aaa4d848a6ce01a2fa50c6ccd97845ad7dcc976b4f059ec9f2f2596da6a249788c2b5eef823db62c6b9d7e2c0574b47caa5d9239ec05182c4d8555d86e37c986519dedeacf9c975e6c65f3a4a4b760a916a2d62e2319afca31dad0de7031c7363aad8ead89ae57cebb6bad566958322bb85b40b2ad90a914f3547c6c4b3b2366ca056a9aae72bbaf3ad8e47aa95188c94ad8c7dac630199970262ef26cfafb05190a79f36577adeb32f099820bc658bb1c63234632487635aa2a19262845b0f564171f235abd21507220e6d68f23306a20eb055add15672ed5a88c9591bb6b1cb522afcc3ead363f2b9d6cd66e36edf3753b4e531771fdb51b19bb15b681f36c58209f9997b774b25abaa9b767da78a32791bb972b742dc12320d5fe09acb6362a59748e71f6c89de58eb156ed4d37117cea4c906d2b992426ddfbecb1608d6bdba5449abf2ebb71798cd8cd3c95e7e4ea3eb8d879723db67e43ed9b571a05dc9c52d998df9d41cc45859a98102b194bd9cb017ee025a350d467f1ee52b163c56a05f38454a6f2ab11d9a9410e3c3b00b28db56f1f82cee532f63aa0570cf1ef24f53672be7fffda0008010100010500c9318979f65cd97908d6799a981e30a2e86cd66cc74b2e4e07b23a74c9dd9608cd998905cc5759b08612c574af3caea78c54d88e6bb264f363801ec6b227cd15a59e51a32635146d824bcfaaece32c7915b8714138be45d59f925cf000ab61ec449b64f1f273011023f27bdb6937959819743a5a642d0954362b13cd8157c9d29ed21e40eb64e9ecfb64a600b4a6c592885b9c44360069d959439be628b3067d45678d4649a69d72ec20b89852bb1f91b1d3ec82992132db44a240cc0c583fe3acc1f1f8f975492f19538621af063ca620ee42fc83fb41a71cc0e255c4f82131d98c95362b25ac77954069022302e1688bb2cc85416b8ad1c7cb3e18038e2e30863dc0570921fb5e30403069041a1315ccd62b91851187984f93da60e34f9847c2c515010f00251f86b0525608496972047af27f032c24d2b328e818c00454344f6327b8882c448c1bf9f87cd03d3bf97a540ccc930416f9138e6b365508b72430c6b19de6b17612f2c24fcd5c4ec94576094d569124267e49715c3cbc0d619f0b4d51f4b0509004a915e4ccd25224be22c8893eac57490c449418404d66a6c1804f2a2a2ee1045d09b6180c5c95def0d1996adc52b4d5839544cfc5b05cd893e1d1cc174efd61e98045579b922433004536c1ac02f3c15918898b2c60c00f8d6f9fe0aac270f15ca54512225dec42e16e99163ac0205a06272ce3e10196089110572064cf3681a6bc42952d9b3350206130f78b18d484f84618415bc6b1826c75066db5c54d7db83e0c5c12ecb07c54421d52bc28628f216a41a31e36b9ad609bdcc263ce2b204e5aa0abc3c0236668641720f19184d94cf8888e54e1829442eb01f913d040f984c0d8c3e4b8959f57424466789970e2b82f02004217623bc8926d9f946c95906ce5aea615197c472bfb5606bd7ffd8fad7c4b1f61158ecf6b5ec9d673a2bb0b6b4dcb9eac7625b584a85b0a1040a8e83918919b228b8bca1044e133178ad30cb10de720d9eac13db31066a96b0c6a936207f4218f1114726bca5531205d3b992d44cf14107e23250bb76eccf8d390ec158cd8b547029ac3124a3ecb319967fd6f62d4e11af1d59222ae71300e893ab48fcfd0f8572a270a61600eb571607b77b430d8446c7ee6cb305fec7cc29cad9ae24979ec810e5f24fad38cd9ff0018aa5ee9db30d4f13f65a2c574fd8e545aa1f61d5936637dc9abdcad4f354ee8a4c3e2b4967151ad10fd0c6238dc5d807b6c3781b130c1299e55dac8570399a8e3235c4c30e4fe544cf36708b0ce03d595ae06940f18b05c6da5511679f574406b8a8c56e921152e182c71b412962cb94f95f6265913125703f85d1d9472b84d296cac9c63d01c792fec1531cbde7da97afa367c9deb48b0165352bd55d97357084de5961ef5ab6ebaff00815612395312c5df8b9d06c188b2cb746a64d879abd83562b77c8e003d4fee646d1581a91af5a587330511dc88e24bccc88aee28195b8a44511298095cad12b542584085a9b0f0e666e954f5032c0981622b38be3c38bf1d744a7ab055975efc42d70c9858adde0af658249974a41302e162c0dca40cf7f0ad910204f92897f100619759bcc63f178dbbeedaf7eedcf6367814f45acc569d0cf168cae1e6c22cd1b6c6e5f0394c6e0278c11aabb066844d2fd31f88c1b8f1edc0633256b2eec5e468aef66a6665ca6e2f14315eff00abf60b79dd4ebcfed419cc4802e64896cb31072b47ef38714218d942920d5a124501dce0bb43059d86c0cc1357025688595d51c2bf32f91698d06c8f8d2fac2d5842c7a19f10819474936afa5af8084911948c3c7cbc6f1422b9f624b896b8b992a5890f75fb24b3590c95a589a3615b0516d0fa7392b0f4e7f66648642d393737ddbb2f7ab54b5191bd91a15eba74bcfeb388a795a47488064ab6bf73115fad8eed2ed97b4b62e964aa56cc6b7afa324ff5ce569eaa546d8db5aa07bf36030038b6eb8a2bae047a35f78a84a94c304174d031d4b081360d4925c361ade2d3e1311e469280667a968fc2ba206d6778558148d711348a8c195c0d4a78b4463991bcc2058f684abc644790885577441f598c8062696fbec6b37b26dd895f9d76531f4ed60abab328d958ac63329b450b546bff00fb1e76dc63be7fc2b592afa9fc975bc4d3a9b2e9785c64d9baed4de5824561ab6c29543c567ad062f24c7451ea89308f4ec858a18cb7b1d0afae7a3f76ad995ae4b9f964464d9dac13e482c48bb942d61332833229aa2e91113f2c8826d044c15a97a8bbc0cda636c22bc135704bf8b70e403f513c8c10a460ca07f5aca193ab012e916139e304c6c9340e4a78640e7c44f062fdeb9ab8584cce76e1dc739c06dc5fc4afaa3f1b555b6e4316176b15d506afcede4f11669d1c72eb56aeea384855bf84fc3e5a4157ef86f542840e5d746f56cdd8c6c6db7a8bea38975095654cb9acd8f8794ca674686b3f5c32c8afbfc4a5a0266e81982633879789191b3b0a0225412f0eaa1f8dbe15a8c8e60d3e597d88ecc09ee44c113163593c1de1cb842fab3025360596163166492000a15cac8c0fc611e29059bcedc143f8037a7b5a09c9bdf5f19bbec765cac83a9a2ad4ad1571591732ed7265ca8fc1d6ae356c5152afeae8b541daae28cae56a28c86a94f274595cadd942ff002a35e8de7f8e711b1fc4abf332756c50bd6945b3d27632c59634db8c5c05cce6599f0340dd5b8cdb7d75b0333faafe9f208a66c380663f681b65025e205ace4405402991387849584390e80af6e4a065bd96d0929af212be4ef8592192e88a0596c4ca0573dc798d7af166025811d5441f43266e710cb23f49bb26eaeff336a7b1b39900dcff002c536f0f6eb915bb5766d63f17162f5555cc1dbc9d4ad62926ce470f94c7b0119b7d8cfe29eeb47365fb2b0b2a9cb4ad2526d9b77816fa566bb2d5424b573930c92b236c1a9c55c845fcee5d1218a4d9433eb67b02198918ae07cff73a0e16eed0b7765f4b91e358024a98cfc715a0c62043a3e30cb2d1316ccc4b96a59d521199f93f1ee80c1ba6224cec2615053122290a6a2292638644cd8e367859615563af1a5059050b13bae6abe035ddbfc99050d1bdf91e115470f8375d7e1ab2ac53c8e125a7afa72197cb67f58378bb1ce045e458cad4628d269adf05890a287bb08f3b7f8bb114aae1720f3b949c3038012eaa6a97bc5fe2d9b2536a3e6ee2d19101d4f2194c4e6345cc3361c0a06520e6482e40ac2088002a8774884a9688199f2497465d9a80100b0a6836c8847453e51abcc6b78422adc27443a27e43423c61e3f8eb235c08448ae4d524b18b4c6b216e880683096cb3e505fd97289d40c2ea222b52946545a5781568ede3eb8da4ba9575a9387a9940ff000c45d54fadb2365c7e90cddfb76fd359fc7ae8fac73ebc76b5f5fb74cfd3c77d0eded54fd7dfd69e473438ff00eac72a9b773fac99c96307fad6d8b571d53e91d87d4f62fd5266331fed4f44c50b39bd2595aca35ba507e91cfb2f6bca62dc6e85b2b9ac449a820e955e4e0a1621493fc40729150c0b066004825361ec60c5a6768acb26a799f832e60b325430cc63c75530885c1fc7821283391250403964450d90885903159091555fb23639e7b995899c863cc2fd24d93a1abfe54f5af5d158aecd42f4dcf417d0bdf7d9357d3dfd539658707fd726a989b6afa33aee15dbbfd1cf5dfb02ced7fd7d63c03d51f43b4ec460f65faa9af3ad4fa63034ebe23d7346c54b5eb3a14032feb5a1973c97adf12846ff00e99a995c76edf5570454bec5fad57a46732694dc1f506d4cc3ee750257d5928e0c9128b41721a9849c802d86b1839e32b67783b41c822cc729909119164ca2256d978fc2cad898608b08dd29848176589c345042c3579023b185859b64aea5ad7472e168a0d1efa7af31ba64e8d5ec8c31b958cd4c6ad1f53fd72cb6f56697a50e2c7d69febfb2dbc6ddeb7f456071b4f5cf5de1aad0bda550258e918f987faef1a7163d718a6d8c36a18ea7d5dd793317755436a27007458cab5fc398c34fc6cee2d06793d5966bd934cae88fbd7f5ed992eb66d6ece0b3182b658b6e11e6ea39069026c09943c40856c2100212554637c48e61266d2721ca1e9ec88e865720ce00a002099487e3f2002204a826bc260164b72624eb9a3bf52bfe559985908ac2d687771b0458ff002d7abbae22ed8deb4af4aaf63cd6e1e96454ca7d40feb171774711f5b746a182d6bebf6af8fb7a87afe9e29582c3565461c120bf882c0b1424a256a62d9501bd2eb8c36131d9fc81d6164c5dd5140649846bcb5416f56a4a07654771fb3baf22ee33ec4fae9aacc64f1d72b64f5c154e12c8882c814c82987ac65832a5d83556ed3d7951cda002c96447569d2b08988e8e570b4d91efe02f83900916779b0db30702a58388a12700b337579f239400eb0631cadc9b5e120c975416a9541f9fdffebf7ad50ece7a8fd29815fb1fd67a8852c7a5b75529c5e5ecb759c740022a20c31c2b5caca16b835c8929647342487c3ddad6109d843d6c7d4925e5ca5719662e4ed2b975984011e5100c5eff00a4d7ce62bec07a3f278bbfed9d1ea60360d7cab0e0ee26405a1330d490a244d6ceea58acbf92584c7110c4b01ac53a246617dba67025565c3baf32ff001f97488cf8dd30ef92bad5a1cbe96e544560491283bc57f2b2eb50c3069cc5a858acee84cd3c5df1c7effeb5d7b64ac5ea7f523704ec1ac803075e1ac14c0b3165f1faaac21ea9385a44d99299fd568ee262530155b0c0a2c715b5c1964d8c10cb17f165c4fab96b87566d29d61b103d646b848ee9eb9d7378c67df3f5d4faf7dd5afafc542d2e27a8e32b95c78d12c36578891ad32a480c8b053159c1e450b0b844a821632b8af4285cc89712fc765256260026b3927aab4ae524c6350b7575d98631ec5ac99787b791927c400dbd5d64fc6c30aa7dcbe87d1717ac6a18a7345d829888c1b7c445796b6ff9ce199b0d6c95635d0b359834c5270a5af892265df1863a3819049cc8bb8986493ca73aca801b06cc20adc7d9bae629796fb83a4ead9cd4fdcba1efd8bf908bd5f2f0603fdaed5acef6e51ee54ae91310e4b0e6c37af20cc10b190b87474ab4c99f38058960115a051f42d5f2eecf0d78502b91cab2ad9042a00517007c7c0e515ccb9a2d5a73fbb21a2d927ae6498f9374911f0b2508ad6558eadedcf593ab3f48c08cc961625ebf6e7daaf58fa63af7c7f647b4ee963d71f78729aa65758fedcbd7f84562bfb75d4b64c97a4bfb0ac0ee183f5efd8ed1f78ab8fd913615f9100e979116f53797d6776c4d05fb27ecb62359aff60bfb64c56a384dff00fb3cf727cbd8bef27b73737e5f69f775db78cf6cfb674e0fa07f77b2dee24e669b497fda5d977fee2a630b4ba090472240e0972a02398b3bc23caa15acc0e506b314b4fab72cf01c3c8de27c2ac2384b0be3e4e264d50423fac0ae7bae0fb023904285710d985bc48b83cc45c4060560a655ec150e1b62fadd9c8cf7ad3118c229f7bfba7ff4f69f7437ef77e5f56feacfdadecb75bfea3b7dc6d5f60fd02fb0fa7d5dfb43f72faf83d2bf6d76ef5ed1fad5f672e2d5ebcf6796730589dbbe424b6a0af46ced8484fb57d83e0a9f74fecfec78abf9fce6cfb2d8f4f7d4cdcbda367d07f517ebae815eb7d7ff00486759be7d59f5b6735e8fa81b7fa33deb81b57aeea3fd905a22fb01c7bc3a2212c15f785ca542ce64802e026b07716b24d630f0851c583ee0d599971084d39886f8ca179454874b938532569584735c8929220690442c896611794322db07dfa21e278ac0dfcebbdb1ebfd971987febf76f466fd3f8c6aac2bdcfea23f6bbbd3ff56f0febe14dbc5e958fb7efbdab6cb7571597ccd0f6afae75ace2711f4dfd73913d7bea76b188adeb6d2b61c358d13119bac6fa76a17b564721511ed8c9667236fd81ea4a99d5eb3f4b71d5432df637ea57a98f50fb17e99f6164f40cfec986d9351cd5ccb52de345ab977b6806369fd94d2ee7b93edb2be8aeb14b52dbf096359d8a1724a61042d32c7396230b48c04442cc4bc4640a53cadc9801a58296ff00f5d75189b10d2f0e558b5c715f0729535d3da06001ca9e7102c327a6570d92eccb80526c1692fe8d59ab5319b77d65f5c7b9f48fabfab65fd11efec170f8f82c00b8d989ad5abfda0f616bda261feba643ddff0075363fb5fe8adc3d0befef406afecdf6c7b8fd91e90f6f7d79b5a256b79da1a9eaf9dd7f27ac55515bc863aa2711ec9622a39bebab7ec0cced3a2d5d5119ff00a0f8ddefeb76f380dbf1187fe9cbeb4eb94bd71f6bbeb86edeb5fb07f5fb3bb3e435ec5e06dbaa6f18faca47d7bf5ca23d8decbd2ec662c7b27654edbb94ad5d79849310f5833c504b4126c0f65a4dddec14c40590225324bb3944f0a242b5c4ff00e3f265c96c15b4de88252e244bc65085c28a456b617c88f95de09d60d46992e49feb873ec5fbf31dade5a8643eca69f6b1def3d7649e8d4e844d4cb615f6697b37d00bcf2febc7e63d479cfb5fe88f5afdb5bbf567e9dfaf3eb6ec3bd7b0723ecac9e8be99c662af6e36177b21ab049bef3d878df6bd473d9a7dc9c3ecefd2353ce626f6e947d787ef0f5cfa5fd9596c27b0b2b86d4b0ba6b76bd8f0feafc76340b1035ea7b0eaf6ebd31af9dd0f6863d45ac66542d6c2e006c1f8ebd1acb588047c709f1d989e0564bb34a424ee2e481810e310381577f91cac7e3f230d25b25c2bb2818e9415e162252df2b1d0d504b46422ca03b9da4c35913043eb4dbf2bebbdd3d4db3d6df705f76db4f5bc2fae5eabf8bd3ac44cd1ac96a9baed6b45b2fa42864ec7ff00cdfb10daadf5532568f47f48eb1a88e52a58eff85558bf486a54eafe7144bd9c516e2ee001394f5ede657c6e7b1788ce57bde9cd7324d4fa2f142fc1ea74f1913855f872d586bcfb0c408fd477641bee1d815aa273d715772120b1599c222aa970f4418ab8abccb8226dfe516e5d20760089611e509f248578f13a5cef8d9a84b2522b1ac4223154259104735d2952d24733d4a1b166bf6359ad8d854f7122189feb2b7d8de3d21f78f59b7b851f5635a9d6b4cb9ccf0460d463c208d555672aacbf1b5602478e029d8866b55f102612c9b36ac639cc1d9d36a919bf9f5aba4a68ad47d56a324cf85e328a80cb16d90b56d2c288de09e6bf4c652ed4da7fb28dd8701e99389e31d844945e1a4833e878982ccd8e284b463b9be6458b792cc5c6246e0502eab0c8e575bc395b12035ca7c4e9f0f4a18eca9e7597618c30851b173016e60886d779174c309cf129fe9ebdaea46b9ee3d8543b3e2d55b1f6b4b79159d79e89af8f741452118aa0a081acb50aca644f6821723297096ac0e2e0955f0e135b73c38594e7d038eb5ebcc8c5d8932e49893123014cf788b8d1e1b53c5ebf67647f1f4357fcf5ddb3fb3fdddf61af4844c4cc2e420456af182dca299783650b9f235912ee5c82cc48c94978de644951479a181f06f5562a04438b08ebcac4bc30f9620a05c7060c319ae2c35873b112622b5f76117c7fa75ede57a9fdc934701ed14eafae66b47ca7afacf9a35cb4668a0c5f3a8d090541090c00744bed1ba36538ac4d475dcaeb58e898fc5042b6da1121bae2fc83eab0751b68a3028016f36914f591b9e39ca6596b0cbe4392b7cb35f23733f8ab15e9fdbef668fb23dcae89f8f250b5ada44aae6b9250385b5972a3867263a123d2526deaf4d6e2c36ae1dc41696433af2da84e47ccb827aa1473240817356202430631292620fc933754b7438c1abe8a2086403ac73e7c5fd78fb62afb6bd47ec4c44fc4f56e4e6cd3c43414aab6888a8ba0975ce27af2477584175ec7608d3d83d83a1fadf11ebdf7ce81b8b876812eb6edd71f4561bf6adb5ddd442ba760a1761e8bbc385eb1e00c95dfdf93bfc0760cbffc4a96472db47b6720cc069590b276f23610bf8ea4092e67ba54a8f25687d885cf168b23cad95817f2801a89ed5cb8551fb9289270ff00c8f89915ae263fda25cbaa7f20524cec33c418df1975c81979ec2ab0c0657169338da681d45904c7f5b9f6030feb4def2f95d60f54f596c4bc7e475ecdc3158dbd0c8c5da93ea81b0c420640d92aebd8149996c7fda6facd95f67ed5f5abfaf5c4fd79dc0bed46a80cfbadb3fb6bdee8f5469dee5f587b3fd12ddd9b8bc1e66c28199402464b22987656faa4f39900166dd73854f737d9dc17d78cdfdaefbe29f6c6a061d39904127c3a10089ab6221e99640561863d8b641b4c7ccb3609642042b0413049fe45d4f044769f8f94f09ca6083a3eee809235444b008a3e400a0dc5244fec404f62d1567b2957e046132c4a61f621563dbbed8b03e82d828ed9a56bce57c7c0d889462e162152e0f5632e089b5bce2a0762f651586fb32a6437e1d23188c1e93b46135ccb7b5b64f5350f8facfa06358d9b0362f6b923ec8a15faadbf632fb1b6d67372e83672864c2da566ea7fd8de7cec6ed666627f5f35a36263c90d59c92d7087858594302b04a9c126c6b88e5e2b21ead2d935fb73935f9522c93afc8f9640a619c05a560b895559244464849130c9ae6c63454cb7c6026d187507129b090850001224265b522b35df42765a995f4bea49f935f050a05e3ecd752ac66d34abe5f7fcd65a7359abf75da97acf2f90056b7a0e2d917b50c85477aff175f35395d671945d98d2d56b61c755cc63ee1ec38e2c754b3e5c3e51adc55bb3124ff137adb4602b7df1d9a33bef528873562135ed0112a48394ac25406a6322490b81600d47ca6e35d06d5c1f67f865042124a5c2c71e665d124a1792233721e450c98ed4e4c10332498124b12d549920da620d126344ea99b62b99c72aa4b5d698f1c99a027fadddf66adfd22c7c84502e209633ac9b99629ef793a581d74bfb16f5debd693f70bdf1edbb98af657b2ab34fde7b0e2c5ff6a2dce523ecddcb36f69f607b5f64caedbee6f76facb1fa9ff64d9acc633d5f576dd8b57a553e274e1116b0d421bee4e2857f7decbfe55ee861f2747004d82b26833114597ad4aaee58d84356e964d7af60063a1587659c8d6b95e007bb44ce662050f54795935f21fbadae1621e17422b142d4001e5f8e55ddc5ce8744c5e539f256ec30926a959bce7e3d72952e586291ede7faf1bfdbf5cfb4fd51b755cbd3af9258a94e9f1530ed14b56c4db46e3f54fd459c563bebc60b586e3b4bc72de9f5deaf921c87a57477b6e7aab47c583f5ec7416d3e9bc7ed15bd63f5abd77a95bc9b9435720a40458725676b24295fdb4f6f63f42f5cda68d8b16d7faa591612702f60c480418a053e32b224322825b8e092c7d88885a4f9b6cc859ea62623c870cac207d790bc5925585822420800929aecaed57960fa8f2042a649c4c875828eeeb0c6444ade40c9aeca75e1a35c0a78241bd41364be8c7d8ea99ec1ea1b222fd65e4b8231394839c7dbf2ab219190559b856c8cedd60b1bc6dd8c9b5ee4df0975b76dc3344a261319602bad59735d73c9982f2178a576721337369da2bd0a1f7a7dc2fdb76a5908cf953156001d16130fa6496443e390a66cc8a935ca405b0e98ecf70bfc8b849ad82c4284fb0b0260a90285be4677cc8f92c2e4969914b155458b7571374a499f1c7c82c64f7b2473e5b222311c404c88ead726ad616132b5f2758802575a3ee59ad036afacbf6671bba6bd85ddc3208c16c8367ac566ca057645c18fac0d98d6c2da8746aac2b1ebca6b19d3b195d36f57a7c6ce1395ab94fe3c5c79c3f34e60865b690a05f6a3ece3f53a0eb96b217eb3fb34d5325e186c5995155918359c3e62381b94bed3fe96c24dcdbc4d62d26d1e9dc9e9e44086b962a4a0807f93e1dc0ec159802423308f0ae0001220cf8f22c919b1275c6c0b24df76544a18e22efdc091ee81122aec3531f0b0b106b88b5f526da4f4fd6fda990d73ad4fd8c8cc86ad9b974e36df92be26d294239d69157af6eedc9c7b08f2d8c6895dcab6bd83c84707bc8a33ee1546e9b6ae906e7ecdcbee7b2fdc0c4af049481458341432c366a48117c5b6c8f1c3863a39215394292592c47b132c25724de265d4317117d724a0fddd19808ad9dd933639e5e464d5025562219d444f8d4622f900890360f4d89f966032c6d88292959858037d74201405c2402a8791202126a709fd4262815ae6b58bced5cbe8f9dd087d5deceab651abe786e2ab64c1474aca0ecab3956aae36ea92bbbb5a589cbd95dce8f2427d646e8534fb5fd918fc1d1d87d9597f6566b52d1aae383fb52be5ac66356cc0e42a25b2867348b3fd9d59e50b4c04ad6e6361265f252761929333b93c0ba602fc4ae7016f8fc70384f4ae4356bc0b59e63e0d270c03bcb0432dae8517c613354430bb4a21aa6c4b327fbfca66f65796a086c319235165c2ba58730b2095c94bf276d38e5ff5dbec43dcb7ef5fa222b9e201c8d97d66ac75ad2bdab630938df6850b818cf6063bac9fb042c0e5376ae86ff9ec585c6f20c076ff0088aedf6ffd8fc56bb85bb7bd87ee5c97ae3d538cc3d7cde1d35aa7f71ccae7a4fa9f3e17f0ae578df63f920638b6c9c2a07f4584bb856350747d96c9331b112a0172b84c49457b4893514cd7181556528ca3ae03c73b518cb43546ba41a29ae98b36017c8ba87b1d0d1353593e2644cd9270a85626ef1b183e0ae5030a5a44543296abc7cbded9f557a9fd57e4eb55fb09a3e3126bab8a735194c4382369d42bd963f53dce9bb30ef77e2babfec9f6fe36bcfd89f67639adfb2ded5b7731ded6f7a64e84cfbc33f7b05ea63b8fd4f47478578b5d146d2b9a6afedb3631754f4c8beaea1ad654b2d5dd6c98c961bceccf6429cf600408ac8e792ca206b9309e24291b5326022c72ac31a952ce648678a562c27c1cf6c9ccdde966ff00032581013204b904487c92b0a26709b01f2d31c219cc123fb10c8990ac2035eb842d289f14f89e76bdd5782c5ffeb02fd4aff603d6eb8763a9d45bd37b0bfc39ed601aac4e18136e75ea360aff00a7ea6cc395fac025753e81461caee9d4ea1960dbcf5fd5a2cd9a14653d64290a4fda370b158cfec3b616e7b60d3b308c57ab3d5f9aab920db370d9fd6fb2eb7ecaa79491c826fd24c288060584b7307a33950ae7cbd14844101c9ae08e4e782aba9600bfd91dfb2e1d1e2cea4536ff00562cc8bc546c0f1ac44e0201f3c48ace41bdcd6daf360eb929366044a7c6558804169921d9b75fc5850dbb2c8c2fb7722338afebef3c8c4fbabd279c5b7198018b83341763ac86b9e6eae6b5151972859ac8f5a6c08acfcfd4c4d88dce2b8aff000766fcd9c002669d501eaad25175914f047d93d8178ec47db8c954cc6c3eaac61d10d33171afecff0066f5aff20d47d6b912d8312fa198c6d0d5fd8592b2aa99ac5dc1581418942cc7b4da864a898262b19805bb992824614a742d6be121dff7e57b0db88e6822ef2b3624823840255f25bdfc960f95a6c394b7c2422048526c879d6422bf5b86da545bafd5a5b96cfb3ba175b6dcbbb399afaf1945ea7eeafacfb52f29adead93805d260929558d9d5bc42d817b1910192a7669dc67b3b8518c9fe6595ab1ad5984d7e189a90c3a14614dda6a2125f6eb2b65357de4bad9cf63633d74dc5ea98ba56d584f606713630deb98ff1eb385ccd081cb9d6a15eb64a09f8cda32148f09b2e3afd6021227834ba6f9592c67053a5a6a8296d7431502a28ede7b5e4cac256d221b2b4ac6183604d0f11181254f5e06930e662cb56210e126ab37b3d1c00e37319dbd36ec59b5576664d40f56e45b572bb1e69d93d77fc42963b07a4e4055bd7d22df959ed1750ca1457d7af29e1499f226d5796a6e57e2ac8e0c1b1674807463b5884ad78ce29cfd2996e2b1ab150bbe39edd68be27dc1cac53c32a87f936e6e07328ed3b356c65ac9629db44e7293b03ec3c564e65aecea195e9e638957919b515ed615dab6e9707254760ad01195a77102e34d6b5049aca9fe3af2c31afddbd7913f2362ed6f27cc3e3981293582d748358044f37c83932de604d6cd9eb2fb2a3095d590c6deeaf6db5105b07b62bd663b2b6f32cf5ed8b8da4d6a5b3471056ebed18f2d6f7dfebafd8a15b19a165a628ea99981ad8aca44342fa0eb3dc362c2a9d785deab4922f52ea8dabca5a6eccdbb20b905e5b2075e774cb3fc5fd89fb05186d7341b437365ab95a176cedf82c90677567e471773ec2b9588dbf199a06d5c63ebdca969475a705ba5182a991c6dbaf57e1a9d0c4b53e0b18cb38ecc05a49a85d588c615c1a715f975003c764929c8a42222794aab937b01c2c7c9743a0996ba363d728652f6c5331b2e4e9e506aee356ae3a9ed17b25b2d5c1d679e6180a5fabab31da6d1bac7e5b1f985d067bc710169bf4f3d8b95c364bd0fba7f946afaf6799c3099a87f54acc42d3c542cbbc46de4fcafc85c378e4eccf8eb44aecdcbd201b4669d05b1646d5c4ff00639b2116eba5616fe7a68b9f8bb9417572abce8a31953dfb5939bc16b788b438ac6f2ab8dc85646430156da712dd5b26c8b591db32493d776849baf665e85d7cf3e4f15bf54c5d556571776b25d0d986587171fd76d8b0aba8748a4e7fe38a41c0aeee00b6a0b1ec01d92e6571faa51c75dcb6615413bae58aa57b776e3b0fa7642cd6cf0a9f8fa7b30c1dbf5f5eac7add6d7c6975b7df75cd87dad89f062bebb5e3d6778fa93ba58a7475abeb846bb9980b18ccd09aa727ccaee546272d94f1749cbdf71d593b29aca05c6660db5f62b3276f3d4969c7fdc8c95dcbfb374340d31d87074af9e34ece3ac679a349fec64df6e0756b04bc798f85389c8d632d970caacfd2dbf00ad5a36e5de0e65ac6e6b2ca5d0b6a703b1735a2a3ceb57beeca6b5770b7272352167cb73f2a32a859712e240c8f155b590bf2dcbed43886d2d84aed9d9f657b52597ccde7ee77dada191c7a1faee9dacaf3166db071ead9b2a15dbae639155d6f22a94d7d39f4b72f62dec4d36e272818fb3f56a17b4e8fa25ab5731140c92cd7ee99d58bfe149da033bb6058e090125d833eabc4ca36188557cccb4f27b4de56b5abfdcef7b6a7ed4f696ebed6c9e5771d67ec8ef9ad5ad47ec16b5b353765ab66d195d7473b8fc3531c689d492c7d41b34e5d56be52761c4dcc659b1977afac1e3c0a9a31615f131981557a9b1d996e0f67b2fac8cad7b4bc264db4ed45ea93677b086ec6a5cbcb6bdab09a9537fb7536ee57bae7d4d976db117559a6a02fdd72b63c625572ff00b33116aa635d1c303abc4a559dca59b96ea638b33be63d0a45c6ec8a75af656fb8ed170fbaeffb06e192d07288cd1ff5adf6d711eb1cf7ae70985cfe2723a5b31add407c95ad0c195b6b23a7cd93522ad998c6611ec62b15d8774432ad5c4ebcdbd67ef9fdb7c2ff00ed6fb3b915e99472b3628ac6ed762b1eeb54e8facfdbb771396c378d57b74ef86d8b104bb58c8c4c9f59119a4eca8d2cb2f22a942f0f72b5e0c8286ae36c21944ab34822a5403c72eebb1b5aaef2c76423623857b4328ba59da9b0da2abb35546c6da7adea7af86c1b0bac63b33445b16324901a5608d9af8ffcaf6bcac352ecab7844a846ad2d56e7c6d771fe3de705e2b0bdbb73c1faf93bfef1b26fb9810b25d632e03331a6e334fc96b7e83fec53df5e8beb40feed69e2a3eb97dcafae9ef3a16aa53b15829a5adfc325b29c0d7162b0c7742be0160bdf35d61dafec4fee6617ea87acb09b267f71f67fd8aca9e6fd8166c4a29aa56b52712d6d7405baa5e8ef6852f83ee4af42c06955a538b80f21edad93b0865d0c7a2999e3356b0d52ebe44b2239baf315e829966feb5b6ddc55366443270fabf1f3436dbf82f6d5086ef192cb2a8a6deeb02394d9ec64bad6df22eda521d98356edbc0848dcad5ea63329bc64983aa333b5e8e2b0990a992cc4d6b1f0b2d7029666dfb470da5e13d93ec3bbec1cf56a468c6d1c7b24bf16a212af9ba3453bcecb6475a659cbb759a7b469373e87ff00723be6a19dc26df4b32ad652aca26b69d0b5bb18348b1e6b7c7db4f72ea9e85f54fd88fb19ba7d8ef692336cc6e63dd37db53603c9e5b23468d1365756a815a075b432bfe3d78b6e3ef5af6169d8bb24935596ac378b962a96192efc16ae40dadaf889ddd5e5ed7642b22f26ba0aa159c936c55c39431abae1396859fcef647b1a8e7f75bf966dea97316566b5dd7071a14eb42b11b1e56a8e3e8b48ebe225f394cedb14dccbe4fe6e4cf1b0c6d3c65aa372844b2a6c25497b17b2362ff2ec9e0b585435ba71a2ad3d50090ac03690fe19368739aacd5b3abdc90c5d7cf1e4b12a4b9eefea83ee058df703eb0cf3d9d23305e0cab4ad1a58bc6aff00bb7fbf6df7c7b693ad436b64b1141543db6bc7e6281d47bae6bb592ac97c157c9ca56eeaa787a7943c3eb29c0d4bd5e0578cbed71fb0810ea342e34e9602d853a98bc09d18c5d65d04dab5e40cb63cb28b5e17fe3e044e5d8e7f96ec2ab78fd9556c337fad94c7e2a8d1d8eaa4ed2d6faabacfbd4b232a84a0574e9ebb552391d916be1f0ed4ec9a4831f48e8576ddab98591eed8fbcfdab31a0231b435d2f25dc0a1569838eaeb659c078595e89d0e9f5e5761d8e460b3d88b1671b62b6c5432392f447b6331ea0f66fd4ef65627dbba0e1eada943e92501fdb8fddb57d66f4464a6dd7c860acaaed7f726d55b54c05497d8d41496006bf2a3c858af12eb54ced50d26a7c76babd25d1c856aefc59a4d27bd349386a35aee475cd0a1a3b0e15455ec16586d58b1908165684451c6e502dd2a5682b235895a9739a39d8bde55ab2fd9aec4fc85d7c7fc59c23af518c7984621d4e9e55b96c395a0c30d749dc6ab295368f055c97ad0a07134172018c738afdbc48ddc8ec589aaba3aee310ba78c25e332075209cd9b55ec641165f65940ee51b58ef9f84c55c65524ebe5f2d69ca56b9fd137dc8c66372986d8b1eca1edff736b5ebec0ff601ef89fb2ff6176f739a68f64e2bd79afe1ed667d9fb5ef58ec6e39e95034759aa7c282721c2b031d5117b1783a38bf62458b0a95de98c64582f6431938dd551074b158e5e2777cf64a7108c74bcdcfba3421d958af8fd6f20791b7bb2bf1b4eae52c5428d76c8e9bedec8487be1b229a6650a9b116182792c95776285b66d1bebdbb37e62beeba8d7bbf9cdd14563d85a5a2c63e971b36286075fa317f6aa952aa6ce40ab2b04b8f9bb4632bad54b2e4cea3e2ba8e42aaecc64e91636f5ea559f62c6a8ccd0e8b65371796d76bd857ac775cf7a63da3e8dfb49afef3e97fbedf7f76afb2fb5b194ca9fb236bc7fe4ebfae73fb05ba6581d206c459c8e517803b9d6174852950a1451d56b2ee53d8ab321f81d556db30b8af447b2e97b440a6a6270efc6e36c79d3b26e5931b4dd715496b6e22b4af3f6e174bd77464faf6dde4baba003297bf3f899a1f6166e2fdaf4b20acce2b276ce8b2bd97651852a876b61f1dacbe75f2795c2d83ddf071f8aa6c7fe57d9f6f610c163f53dfcb235f11696e3dd90518fc834c6ee9d8f06643670455c5e0530f8d785a4aad4c195761c439c15e49669b1f87c862299d0d9f3ae30ab9eb8db94359fbafb0b7ea56d7b755c062c696c9be46d7ecaf5c7afe9e6bec0ee83535ac75fcd51bcdb057fd7ddb2c3685b56be466b9e335189aed0aabb552b543a9d0587040da63baf6fd4c99a3e48c6b99dc645ac5e5982e1d6efb5475c2bb6aed1b559b795f5d1e42975b9e44ac6e3590ad7288e37211aa7d9c10c7fba72764b16bb36dd7abebb9130abac6582ce71f61b5af0c2a76ad8ec79b73d9ac4d4a9acd95ddf61e5abaf32bd675d1a89d79b3531f66c389173598c859d3c271f98cd9e3ecd0d5d89b39aa74f1aaa78bbab8b0c33b55ad622c94dba7c6ae0338fa045b862f281b3edeba188adb954d2a869da93b2b94f73fba7fca988c6596dac06066e64f19ae1d7c56d3a99107a882cd0b595b67216ea9bc352b23f3ebc15aa2da56be2bbe4546622c3181ed34bac61a95d4d9c6dda8a3c3aaea3228c4156ae9b795a94359a73518dd72b2a9d6f5c60c33bb4e56272bb196b81f88fb4959eaf7fd2b7e6a36fff001cccade2575a6d889d8b64929cd58da21596a796ad96da3377ef2ed857654f6955b349b96d653520f3129a0757382c5650cc9156db31f93b19063d781a5352ec5d332755585e17f968369f955915232544b0c8bd632582cd3fadbad57aebf5769f7369d8bdc5b2dabd5b5fc4a2c5ac3622324dd230e298a4d9764b6a9605bc159ae29b7964cbef37cabc45204d3c5b1618e5576b5fb351945ad6ee346efb06b7cfc462680369666db71f88d4a57659af625718ed8ec87e034a57c9cc4665eaeb00cb75b5ac2d5c5a6dcfb3684edbf6cc7e57d902c852af391c3a3338a6df6dd75136e2eede9a9e0bd5a95adb30f5c829ddb5390cb76a85ec4a967e1663032b3b5b54b1591c00d965bd892904e58d15b3b8f188a1986ac6c891bebe4af8435249ab8fa399119ca646ad7b29b0ab56ef67e92f56c182b71ddf5fae9d7f56dd287c1d5b0a68bb5311542a9e994a953c661fc668d9283c9d5f22c6d909b4dbb6a9b2b856358c65f7335b75edd26e93eac59eb2b4998eb99cb90dd6bd7d5dadc96fd85b54e8eb893b39ec361195e96ed356307eb93ee8d1ac0e42f3af4a71996d9999dbff001aa117dc76bb15f6bf646526ce3b311517be056c4659616abd3d7f600c861447e6e66a58f85af6a57efbdd85ad28dbb5bb15df9ec2ddacb3cad02badd5719f155ec6c9a9156646ee76d7968b36c7d45f5a7649b91c26529c987e40ab563cd8d87dac75ca93425a82d83336994703afbac66ac55173fd955669e97ae1c518c6fedae8c5de563f5daffc5b30a5d91a5835aafd1c755c6332b623bb20d5890d772177ac3ebea42f0177e716db8ff32ecbfcacd725816fd8569d6b52c55414667060a1c1fb5447fc6ab3670daafac92f596edb27ca5ebfabbae750cd73cff76d4c9fb1aed8d43d63066f5475c1c9e4bf33e4469de0ab9952105954add7301a5d372ac6b310bce6a13e7b8fdeed54cd53cb25b89c038958cf6667f20fcf54bf4032263e53dad16fe1faf6cb5d464966acbd322eb1ee7c1b6f36d51b0e20eac157b757d75499fe4fb7e41f80c38e46f67aaa2854c53f5eca29f76a71f8315622774dc2ee3f35a3e415904653e24f57ae5718c418fc41a755d5eabcd28c56585190cb3aae4d5731e4394cef9301b2bb30acae36c217167159395d1f74e402be1eddb0c8d346cf5750d775ad76537b3db76369afe55d8c47ddbbb5ef7da3cf62dd797a266a8a71db463c30d97cad3b762be033eaa59651d46e568f8915b4ead5908c2e5ae3377d2db5ff002d4718a7e53095acbb23f939a38dc6ad7b0e48f53755c82de14685c6aedce8d8fa15ae417827228c6fc2c9d61ab73123f3df4f14dbf7b334831a3ea0c7d7b35763c5d6bd5afeb2fc0b4a85c5e335aab5ad6428315c695626d3f6aea98febd6e6f56272520e2baab92dd6ad12aea2e346b66e6c157c6aef9755ad458ad266173d9c714735a6e61ad2bfaf518463af0578f6f6552c4507c0d5d229b32999dcb6911b1a96af95c93bf07818c5fdcbc5d72fb4b51576ddcf, NULL, NULL);
INSERT INTO `users` (`user_id`, `username`, `password`, `nickname`, `type`, `picture`, `emp_id`, `dept_id`) VALUES
(1, 'ameer', 'ameer', 'ameer', 'manager', '', NULL, 1),
(2, 'zeeshan', 'zeeshan', 'zeeshan', 'manager', '', NULL, 2),
(3, 'amjad', 'amjad', 'amjad', 'manager', '', NULL, 3),
(4, 'ahmad', 'ahmad', 'ahmad', 'employee', '', 1, 1),
(5, 'ali', 'ali', 'ali', 'employee', '', 2, 1),
(6, 'arbaz', 'arbaz', 'arbaz', 'employee', '', 3, 1),
(7, 'amir', 'amir', 'amir', 'employee', '', 4, 1),
(8, 'aqil', 'aqil', 'aqil', 'employee', '', 5, 2),
(9, 'waheed', 'waheed', 'waheed', 'employee', '', 6, 2),
(10, 'arif', 'arif', 'arif', 'employee', '', 7, 3),
(11, 'asif', 'asif', 'arif', 'employee', '', 9, 2),
(12, 'akmal', 'akmal', 'akmal', 'employee', '', 11, 2),
(13, 'sajid', 'sajid', 'sajid', 'employee', '', 12, 3),
(14, 'shoaib', 'shoaib', 'shoaib', 'employee', '', 13, 1),
(15, 'mehmood', 'mehmood', 'mehmood', 'employee', '', 14, 2),
(16, 'ghani', 'ghani', 'ghani', 'employee', '', 15, 3),
(17, 'ubaid', 'ubaid', 'ubaid', 'employee', '', 17, 1),
(18, 'umair', 'umair', 'umair', 'employee', '', 18, 2),
(19, 'waseem', 'waseem', 'wasee', 'employee', '', 19, 3),
(21, 'naveed', 'naveed', 'naveed', 'employee', '', 20, 2),
(22, 'shuraim', 'shuraim', 'shuraim', 'employee', '', 16, 1);

--
-- Indexes for dumped tables
--

--
-- Indexes for table `allowances`
--
ALTER TABLE `allowances`
  ADD PRIMARY KEY (`alw_id`),
  ADD KEY `fk_emp_in_alw` (`emp_id`);

--
-- Indexes for table `announcements`
--
ALTER TABLE `announcements`
  ADD PRIMARY KEY (`announce_id`);

--
-- Indexes for table `attendance`
--
ALTER TABLE `attendance`
  ADD PRIMARY KEY (`attend_id`),
  ADD KEY `fk_emp_in_attend` (`emp_id`);

--
-- Indexes for table `deductions`
--
ALTER TABLE `deductions`
  ADD PRIMARY KEY (`ded_id`),
  ADD KEY `fk_emp_in_ded` (`emp_id`);

--
-- Indexes for table `departments`
--
ALTER TABLE `departments`
  ADD PRIMARY KEY (`dept_id`);

--
-- Indexes for table `employees`
--
ALTER TABLE `employees`
  ADD PRIMARY KEY (`emp_id`),
  ADD KEY `fk_pos_in_emp` (`pos_id`);

--
-- Indexes for table `positions`
--
ALTER TABLE `positions`
  ADD PRIMARY KEY (`pos_id`),
  ADD KEY `fk_positons` (`dept_id`);

--
-- Indexes for table `salaries`
--
ALTER TABLE `salaries`
  ADD PRIMARY KEY (`sal_id`),
  ADD KEY `fk_pos_in_sal` (`pos_id`);

--
-- Indexes for table `support`
--
ALTER TABLE `support`
  ADD PRIMARY KEY (`spt_id`);

--
-- Indexes for table `users`
--
ALTER TABLE `users`
  ADD PRIMARY KEY (`user_id`),
  ADD KEY `fk_emp_in_user` (`emp_id`),
  ADD KEY `fk_dept_in_user` (`dept_id`);

--
-- AUTO_INCREMENT for dumped tables
--

--
-- AUTO_INCREMENT for table `allowances`
--
ALTER TABLE `allowances`
  MODIFY `alw_id` int(11) NOT NULL AUTO_INCREMENT, AUTO_INCREMENT=25;

--
-- AUTO_INCREMENT for table `announcements`
--
ALTER TABLE `announcements`
  MODIFY `announce_id` int(11) NOT NULL AUTO_INCREMENT, AUTO_INCREMENT=4;

--
-- AUTO_INCREMENT for table `attendance`
--
ALTER TABLE `attendance`
  MODIFY `attend_id` int(11) NOT NULL AUTO_INCREMENT, AUTO_INCREMENT=309;

--
-- AUTO_INCREMENT for table `deductions`
--
ALTER TABLE `deductions`
  MODIFY `ded_id` int(11) NOT NULL AUTO_INCREMENT, AUTO_INCREMENT=25;

--
-- AUTO_INCREMENT for table `departments`
--
ALTER TABLE `departments`
  MODIFY `dept_id` int(11) NOT NULL AUTO_INCREMENT, AUTO_INCREMENT=6;

--
-- AUTO_INCREMENT for table `employees`
--
ALTER TABLE `employees`
  MODIFY `emp_id` int(11) NOT NULL AUTO_INCREMENT, AUTO_INCREMENT=25;

--
-- AUTO_INCREMENT for table `positions`
--
ALTER TABLE `positions`
  MODIFY `pos_id` int(11) NOT NULL AUTO_INCREMENT, AUTO_INCREMENT=12;

--
-- AUTO_INCREMENT for table `salaries`
--
ALTER TABLE `salaries`
  MODIFY `sal_id` int(11) NOT NULL AUTO_INCREMENT, AUTO_INCREMENT=11;

--
-- AUTO_INCREMENT for table `support`
--
ALTER TABLE `support`
  MODIFY `spt_id` int(11) NOT NULL AUTO_INCREMENT, AUTO_INCREMENT=4;

--
-- AUTO_INCREMENT for table `users`
--
ALTER TABLE `users`
  MODIFY `user_id` int(11) NOT NULL AUTO_INCREMENT, AUTO_INCREMENT=23;

--
-- Constraints for dumped tables
--

--
-- Constraints for table `allowances`
--
ALTER TABLE `allowances`
  ADD CONSTRAINT `fk_emp_in_alw` FOREIGN KEY (`emp_id`) REFERENCES `employees` (`emp_id`) ON DELETE SET NULL;

--
-- Constraints for table `attendance`
--
ALTER TABLE `attendance`
  ADD CONSTRAINT `fk_emp_in_attend` FOREIGN KEY (`emp_id`) REFERENCES `employees` (`emp_id`) ON DELETE SET NULL;

--
-- Constraints for table `deductions`
--
ALTER TABLE `deductions`
  ADD CONSTRAINT `fk_emp_in_ded` FOREIGN KEY (`emp_id`) REFERENCES `employees` (`emp_id`) ON DELETE SET NULL;

--
-- Constraints for table `employees`
--
ALTER TABLE `employees`
  ADD CONSTRAINT `fk_pos_in_emp` FOREIGN KEY (`pos_id`) REFERENCES `positions` (`pos_id`) ON DELETE CASCADE;

--
-- Constraints for table `positions`
--
ALTER TABLE `positions`
  ADD CONSTRAINT `fk_positons` FOREIGN KEY (`dept_id`) REFERENCES `departments` (`dept_id`) ON DELETE CASCADE;

--
-- Constraints for table `salaries`
--
ALTER TABLE `salaries`
  ADD CONSTRAINT `fk_pos_in_sal` FOREIGN KEY (`pos_id`) REFERENCES `positions` (`pos_id`) ON DELETE CASCADE;

--
-- Constraints for table `users`
--
ALTER TABLE `users`
  ADD CONSTRAINT `fk_dept_in_user` FOREIGN KEY (`dept_id`) REFERENCES `departments` (`dept_id`) ON DELETE CASCADE,
  ADD CONSTRAINT `fk_emp_in_user` FOREIGN KEY (`emp_id`) REFERENCES `employees` (`emp_id`) ON DELETE CASCADE;
COMMIT;

/*!40101 SET CHARACTER_SET_CLIENT=@OLD_CHARACTER_SET_CLIENT */;
/*!40101 SET CHARACTER_SET_RESULTS=@OLD_CHARACTER_SET_RESULTS */;
/*!40101 SET COLLATION_CONNECTION=@OLD_COLLATION_CONNECTION */;
